,Timestamp,Latitude,Longitude,Altitude,Speed_gps,anger,contempt,disgust,fear,happiness,neutral,sadness,surprise,Max_Emotion,ts,expressed_emotion,road_type,max_speed,lanes,weather_time,weather_term,feeltemp_outside,windspeed,cloud_coverage,trafficflow_reducedspeed,trafficflow_confidence,freeflow_speed
0,2021-03-16 15:21:05.000684261,48.515071066588,9.201811001271613,398.5728772068396,0.0,0.0,0.004,0.0,0.0,0.136,0.86,0.0,0.0,neutral,2021-03-16 15:21:05.000684261,happiness,secondary,60.0,2.0,2021-03-18T09:13:00+00:00,Mostly cloudy,3.1,5.3,76,0.0,1.0,117.0
1,2021-03-16 15:21:06.000694752,48.515071066588,9.201811001271613,398.5728772068396,0.0,0.0,0.001,0.0,0.0,0.623,0.376,0.0,0.0,happiness,2021-03-16 15:21:06.000694752,happiness,secondary,60.0,2.0,2021-03-18T09:13:00+00:00,Mostly cloudy,3.1,5.3,76,0.0,1.0,117.0
2,2021-03-16 15:21:07.000701904,48.515071066588,9.201811001271613,398.5728772068396,0.0,0.0,0.0,0.0,0.0,0.963,0.037000000000000005,0.0,0.0,happiness,2021-03-16 15:21:07.000701904,happiness,secondary,60.0,2.0,2021-03-18T09:13:00+00:00,Mostly cloudy,3.1,5.3,76,0.0,1.0,117.0
3,2021-03-16 15:21:08.000710487,48.515071066588,9.201811001271613,398.5728772068396,0.0,0.0,0.001,0.0,0.0,0.917,0.08199999999999999,0.0,0.0,happiness,2021-03-16 15:21:08.000710487,happiness,secondary,60.0,2.0,2021-03-18T09:13:00+00:00,Mostly cloudy,3.1,5.3,76,0.0,1.0,117.0
4,2021-03-16 15:21:09.000718832,48.515071066588,9.201811001271613,398.5728772068396,0.0,,,,,,,,,,2021-03-16 15:21:09.000718832,happiness,secondary,60.0,2.0,2021-03-18T09:13:00+00:00,Mostly cloudy,3.1,5.3,76,0.0,1.0,117.0
5,2021-03-16 15:21:10.000725746,48.515071066588,9.201811001271613,398.5728772068396,0.0,,,,,,,,,,2021-03-16 15:21:10.000725746,happiness,secondary,60.0,2.0,2021-03-18T09:13:00+00:00,Mostly cloudy,3.1,5.3,76,0.0,1.0,117.0
6,2021-03-16 15:21:11.000733852,48.515071066588,9.201811001271613,398.5728772068396,0.0,,,,,,,,,,2021-03-16 15:21:11.000733852,happiness,secondary,60.0,2.0,2021-03-18T09:13:00+00:00,Mostly cloudy,3.1,5.3,76,0.0,1.0,117.0
7,2021-03-16 15:21:12.000741959,48.515071066588,9.201811001271613,398.5728772068396,0.0,,,,,,,,,,2021-03-16 15:21:12.000741959,happiness,secondary,60.0,2.0,2021-03-18T09:13:00+00:00,Mostly cloudy,3.1,5.3,76,0.0,1.0,117.0
8,2021-03-16 15:21:13.000748158,48.51503603351881,9.201810982153633,399.11033125780517,1.1818810612014732,,,,,,,,,,2021-03-16 15:21:13.000748158,happiness,secondary,60.0,2.0,2021-03-18T09:13:00+00:00,Mostly cloudy,3.1,5.3,76,0.0,1.0,117.0
9,2021-03-16 15:21:14.000757694,48.51503668809038,9.201815962414557,399.1387491654605,0.0,,,,,,,,,,2021-03-16 15:21:14.000757694,happiness,secondary,60.0,2.0,2021-03-18T09:13:00+00:00,Mostly cloudy,3.1,5.3,76,0.0,1.0,117.0
10,2021-03-16 15:21:15.000765800,48.514994182226076,9.201877824969195,400.5620445357636,3.191842076868257,,,,,,,,,,2021-03-16 15:21:15.000765800,happiness,secondary,60.0,2.0,2021-03-18T09:13:00+00:00,Mostly cloudy,3.1,5.3,76,0.0,1.0,117.0
11,2021-03-16 15:21:16.000773668,48.51494576533501,9.201906257541983,400.9061279315502,3.635355967229213,,,,,,,,,,2021-03-16 15:21:16.000773668,happiness,secondary,60.0,2.0,2021-03-18T09:13:00+00:00,Mostly cloudy,3.1,5.3,76,0.0,1.0,117.0
12,2021-03-16 15:21:17.000783443,48.51489133166129,9.2019359946423,400.92102349828934,3.791124518935277,,,,,,,,,,2021-03-16 15:21:17.000783443,happiness,secondary,60.0,2.0,2021-03-18T09:13:00+00:00,Mostly cloudy,3.1,5.3,76,0.0,1.0,117.0
13,2021-03-16 15:21:18.000791073,48.51482537397458,9.201973105566324,402.10322661232203,5.417411361080184,,,,,,,,,,2021-03-16 15:21:18.000791073,happiness,primary,60.0,1.0,2021-03-18T09:13:00+00:00,Mostly cloudy,3.1,5.3,76,0.0,1.0,117.0
14,2021-03-16 15:21:19.000799656,48.51474934236702,9.20200857669026,401.4355229996145,7.170049241641125,,,,,,,,,,2021-03-16 15:21:19.000799656,happiness,primary,60.0,1.0,2021-03-18T09:13:00+00:00,Mostly cloudy,3.1,5.3,76,0.0,1.0,117.0
15,2021-03-16 15:21:20.000808477,48.51466733219327,9.202041165647016,401.837164173834,8.660097937816174,,,,,,,,,,2021-03-16 15:21:20.000808477,happiness,primary,60.0,1.0,2021-03-18T09:13:00+00:00,Mostly cloudy,3.1,5.3,76,0.0,1.0,117.0
16,2021-03-16 15:21:21.000814438,48.51457116350994,9.202074279070702,402.3895501457155,10.03477974424949,,,,,,,,,,2021-03-16 15:21:21.000814438,happiness,primary,60.0,1.0,2021-03-18T09:13:00+00:00,Mostly cloudy,3.1,5.3,76,0.0,1.0,117.0
17,2021-03-16 15:21:22.000823498,48.51445986588815,9.202109003071081,403.0133607909083,11.536918846748922,,,,,,,,,,2021-03-16 15:21:22.000823498,happiness,path,,,2021-03-18T09:13:00+00:00,Mostly cloudy,3.1,5.3,76,0.0,1.0,117.0
18,2021-03-16 15:21:23.000831604,48.51433979987614,9.202143991523226,403.6412193877623,12.480862538019386,,,,,,,,,,2021-03-16 15:21:23.000831604,happiness,track,,,2021-03-18T09:13:00+00:00,Mostly cloudy,3.1,5.3,76,0.0,1.0,117.0
19,2021-03-16 15:21:24.000840902,48.51422537545048,9.202172275994572,404.3678347319365,12.466253138690163,,,,,,,,,,2021-03-16 15:21:24.000840902,happiness,track,,,2021-03-18T09:13:00+00:00,Mostly cloudy,3.1,5.3,76,0.0,1.0,117.0
20,2021-03-16 15:21:25.000847340,48.51411091577452,9.202211643595524,405.07230500876886,12.787601401641126,,,,,,,,,,2021-03-16 15:21:25.000847340,happiness,track,,,2021-03-18T09:13:00+00:00,Mostly cloudy,3.1,5.3,76,0.0,1.0,117.0
21,2021-03-16 15:21:26.000857353,48.51398842723589,9.202254932923159,405.7802805146202,13.465286806025665,,,,,,,,,,2021-03-16 15:21:26.000857353,happiness,track,,,2021-03-18T09:13:00+00:00,Mostly cloudy,3.1,5.3,76,0.0,1.0,117.0
22,2021-03-16 15:21:27.000865698,48.51385987874626,9.2022989242479,406.7010735515505,14.127877267134554,,,,,,,,,,2021-03-16 15:21:27.000865698,happiness,track,,,2021-03-18T09:13:00+00:00,Mostly cloudy,3.1,5.3,76,0.0,1.0,117.0
23,2021-03-16 15:21:28.000873804,48.513726466536376,9.202343133963684,407.8385734390468,14.55417143647879,,,,,,,,,,2021-03-16 15:21:28.000873804,happiness,track,,,2021-03-18T09:13:00+00:00,Mostly cloudy,3.1,5.3,76,0.0,1.0,117.0
24,2021-03-16 15:21:29.000879765,48.513595031080435,9.202388060563576,408.79325028229516,14.501401109858485,,,,,,,,,,2021-03-16 15:21:29.000879765,happiness,track,,,2021-03-18T09:13:00+00:00,Mostly cloudy,3.1,5.3,76,0.0,1.0,117.0
25,2021-03-16 15:21:30.000887632,48.5134680142016,9.202439699040077,410.1162046510726,14.396764260868967,,,,,,,,,,2021-03-16 15:21:30.000887632,happiness,track,,,2021-03-18T09:13:00+00:00,Mostly cloudy,3.1,5.3,76,0.0,1.0,117.0
26,2021-03-16 15:21:31.000897884,48.51334483817392,9.202494495146807,410.30457114055747,14.251010275726006,,,,,,,,,,2021-03-16 15:21:31.000897884,happiness,primary,50.0,,2021-03-18T09:13:00+00:00,Mostly cloudy,3.1,5.3,76,0.0,1.0,117.0
27,2021-03-16 15:21:32.000905514,48.513227993886616,9.202555886112773,410.2981203552336,13.825021607042947,,,,,,,,,,2021-03-16 15:21:32.000905514,happiness,primary,50.0,,2021-03-18T09:13:00+00:00,Mostly cloudy,3.1,5.3,76,0.0,1.0,117.0
28,2021-03-16 15:21:33.000913143,48.51311965121482,9.20261867874185,410.721656171605,13.178582609410315,,,,,,,,,,2021-03-16 15:21:33.000913143,happiness,primary,50.0,,2021-03-18T09:13:00+00:00,Mostly cloudy,3.1,5.3,76,0.0,1.0,117.0
29,2021-03-16 15:21:34.000926495,48.513016100189475,9.202680519421953,410.8101494051516,12.631835140402222,,,,,,,,,,2021-03-16 15:21:34.000926495,happiness,primary,50.0,2.0,2021-03-18T09:13:00+00:00,Mostly cloudy,3.1,5.3,76,0.0,1.0,117.0
30,2021-03-16 15:21:35.000935793,48.512924693954155,9.202745146005665,411.5526366923005,11.880136071343285,,,,,,,,,,2021-03-16 15:21:35.000935793,happiness,primary,50.0,2.0,2021-03-18T09:13:00+00:00,Mostly cloudy,3.1,5.3,76,0.0,1.0,117.0
31,2021-03-16 15:21:36.000938892,48.51283276832205,9.202799671338218,411.5971372080967,11.076471024987207,,,,,,,,,,2021-03-16 15:21:36.000938892,happiness,tertiary,50.0,,2021-03-18T09:13:00+00:00,Mostly cloudy,3.1,5.3,76,0.0,1.0,117.0
32,2021-03-16 15:21:37.000945091,48.512755815930994,9.202853311127054,412.0042868107557,10.054950283775264,,,,,,,,,,2021-03-16 15:21:37.000945091,happiness,tertiary,50.0,,2021-03-18T09:13:00+00:00,Mostly cloudy,3.1,5.3,76,0.0,1.0,117.0
33,2021-03-16 15:21:38.000954390,48.512686409043035,9.202905696438384,411.8837248859928,9.135608078432877,,,,,,,,,,2021-03-16 15:21:38.000954390,happiness,tertiary,50.0,,2021-03-18T09:13:00+00:00,Mostly cloudy,3.1,5.3,76,0.0,1.0,117.0
34,2021-03-16 15:21:39.000961781,48.512632778465786,9.202947314611569,411.7663932107389,7.596882431872253,,,,,,,,,,2021-03-16 15:21:39.000961781,happiness,tertiary,50.0,,2021-03-18T09:13:00+00:00,Mostly cloudy,3.1,5.3,76,0.0,1.0,117.0
35,2021-03-16 15:21:40.000971317,48.512591515267744,9.202983635155565,411.79534831736237,6.2802719621178245,,,,,,,,,,2021-03-16 15:21:40.000971317,happiness,tertiary,50.0,,2021-03-18T09:13:00+00:00,Mostly cloudy,3.1,5.3,76,0.0,1.0,117.0
36,2021-03-16 15:21:41.013422012,48.512591515267744,9.202983635155565,411.79534831736237,6.2802719621178245,,,,,,,,,,2021-03-16 15:21:41.013422012,happiness,tertiary,50.0,,2021-03-18T09:13:00+00:00,Mostly cloudy,3.1,5.3,76,0.0,1.0,117.0
37,2021-03-16 15:21:42.029827118,48.51256077036489,9.203009398337828,412.15865719038993,4.8445259181093325,,,,,,,,,,2021-03-16 15:21:42.029827118,happiness,tertiary,50.0,,2021-03-18T09:13:00+00:00,Mostly cloudy,3.1,5.3,76,0.0,1.0,117.0
38,2021-03-16 15:21:43.461935997,48.51253991005362,9.203029071265842,412.61582980025565,1.726984631716736,,,,,,,,,,2021-03-16 15:21:43.461935997,happiness,tertiary,50.0,,2021-03-18T09:13:00+00:00,Mostly cloudy,3.1,5.3,76,0.0,1.0,117.0
39,2021-03-16 15:21:44.042319059,48.51253991005362,9.203029071265842,412.61582980025565,1.726984631716736,,,,,,,,,,2021-03-16 15:21:44.042319059,happiness,tertiary,50.0,,2021-03-18T09:13:00+00:00,Mostly cloudy,3.1,5.3,76,0.0,1.0,117.0
40,2021-03-16 15:21:45.062188148,48.51254210188444,9.203023728124142,413.14049354288727,0.6450977725110881,,,,,,,,,,2021-03-16 15:21:45.062188148,happiness,tertiary,50.0,,2021-03-18T09:13:00+00:00,Mostly cloudy,3.1,5.3,76,0.0,1.0,117.0
41,2021-03-16 15:21:46.057857990,48.512540021630365,9.2030194688942,412.94637634884566,0.0,,,,,,,,,,2021-03-16 15:21:46.057857990,happiness,tertiary,50.0,,2021-03-18T09:13:00+00:00,Mostly cloudy,3.1,5.3,76,0.0,1.0,117.0
42,2021-03-16 15:21:47.074173927,48.51253910585889,9.203016234065672,413.48602220695466,0.0,,,,,,,,,,2021-03-16 15:21:47.074173927,happiness,tertiary,50.0,,2021-03-18T09:13:00+00:00,Mostly cloudy,3.1,5.3,76,0.0,1.0,117.0
43,2021-03-16 15:21:48.095710993,48.5125356268195,9.203016044696902,413.0515775457025,0.0,,,,,,,,,,2021-03-16 15:21:48.095710993,happiness,tertiary,50.0,,2021-03-18T09:13:00+00:00,Mostly cloudy,3.1,5.3,76,0.0,1.0,117.0
44,2021-03-16 15:21:49.110429049,48.51252310014821,9.203023405145206,413.92819761857385,1.1029128309138942,,,,,,,,,,2021-03-16 15:21:49.110429049,happiness,tertiary,50.0,,2021-03-18T09:13:00+00:00,Mostly cloudy,3.1,5.3,76,0.0,1.0,117.0
45,2021-03-16 15:21:50.111276150,48.51249906314784,9.203045911865852,414.1652101138608,2.4243571854760058,,,,,,,,,,2021-03-16 15:21:50.111276150,happiness,tertiary,50.0,,2021-03-18T09:13:00+00:00,Mostly cloudy,3.1,5.3,76,0.0,1.0,117.0
46,2021-03-16 15:21:51.116199970,48.51246580733668,9.203074124981628,413.693428450264,3.5062386566586663,,,,,,,,,,2021-03-16 15:21:51.116199970,happiness,footway,,,2021-03-18T09:13:00+00:00,Mostly cloudy,3.1,5.3,76,0.0,1.0,117.0
47,2021-03-16 15:21:52.126281976,48.51241922862051,9.203112246935536,413.81680775899434,4.796149593691372,,,,,,,,,,2021-03-16 15:21:52.126281976,happiness,footway,,,2021-03-18T09:13:00+00:00,Mostly cloudy,3.1,5.3,76,0.0,1.0,117.0
48,2021-03-16 15:21:53.151725054,48.512309130174245,9.203203999908169,413.4123943047598,6.287098005944443,,,,,,,,,,2021-03-16 15:21:53.151725054,happiness,footway,,,2021-03-18T09:13:00+00:00,Mostly cloudy,3.1,5.3,76,0.0,1.0,117.0
49,2021-03-16 15:21:55.000081062,48.51217677768445,9.203329782528233,413.3281485531479,8.540712072460392,,,,,,,,,,2021-03-16 15:21:55.000081062,happiness,footway,,,2021-03-18T09:13:00+00:00,Mostly cloudy,3.1,5.3,76,0.0,1.0,117.0
50,2021-03-16 15:21:56.000087500,48.51209433121307,9.20341054450205,413.0237543452532,9.803257735618416,,,,,,,,,,2021-03-16 15:21:56.000087500,happiness,footway,,,2021-03-18T09:13:00+00:00,Mostly cloudy,3.1,5.3,76,0.0,1.0,117.0
51,2021-03-16 15:21:57.000075340,48.51200492575792,9.203486518913678,412.0504564419389,10.4179391873958,,,,,,,,,,2021-03-16 15:21:57.000075340,happiness,primary,50.0,2.0,2021-03-18T09:13:00+00:00,Mostly cloudy,3.1,5.3,76,0.0,1.0,117.0
52,2021-03-16 15:21:58.000077248,48.511912127871675,9.203555351266466,411.6019696937874,10.845579847321174,,,,,,,,,,2021-03-16 15:21:58.000077248,happiness,primary,50.0,2.0,2021-03-18T09:13:00+00:00,Mostly cloudy,3.1,5.3,76,0.0,1.0,117.0
53,2021-03-16 15:21:59.000062704,48.51181260956359,9.203620723025011,411.2644347893074,11.395765438738591,,,,,,,,,,2021-03-16 15:21:59.000062704,happiness,path,,,2021-03-18T09:13:00+00:00,Mostly cloudy,3.1,5.3,76,0.0,1.0,117.0
54,2021-03-16 15:22:00.000063181,48.51170967996504,9.203678072634233,410.3957624062896,11.950304556226099,,,,,,,,,,2021-03-16 15:22:00.000063181,happiness,primary,50.0,2.0,2021-03-18T09:13:00+00:00,Mostly cloudy,3.1,5.3,76,0.0,1.0,117.0
55,2021-03-16 15:22:01.000046253,48.511604096060886,9.203734502863648,409.661550257355,12.1607693837255,,,,,,,,,,2021-03-16 15:22:01.000046253,happiness,primary,50.0,2.0,2021-03-18T09:13:00+00:00,Mostly cloudy,3.1,5.3,76,0.0,1.0,117.0
56,2021-03-16 15:22:02.000051498,48.51151553184168,9.203772518727424,408.2834077822045,10.651543118142998,,,,,,,,,,2021-03-16 15:22:02.000051498,happiness,primary,50.0,2.0,2021-03-18T09:13:00+00:00,Mostly cloudy,3.1,5.3,76,0.0,1.0,117.0
57,2021-03-16 15:22:03.000056267,48.51144993100401,9.203793560885373,406.8086577337235,8.509555615450367,,,,,,,,,,2021-03-16 15:22:03.000056267,happiness,primary,50.0,2.0,2021-03-18T09:13:00+00:00,Mostly cloudy,3.1,5.3,76,0.0,1.0,117.0
58,2021-03-16 15:22:04.000061512,48.51141172310238,9.203802703760292,407.1882439600304,6.159570905438343,,,,,,,,,,2021-03-16 15:22:04.000061512,happiness,residential,30.0,,2021-03-18T09:13:00+00:00,Mostly cloudy,3.1,5.3,76,0.0,1.0,117.0
59,2021-03-16 15:22:05.000067234,48.5113887011391,9.203811089827587,407.13810908421874,4.205965369613228,,,,,,,,,,2021-03-16 15:22:05.000067234,happiness,residential,30.0,,2021-03-18T09:13:00+00:00,Mostly cloudy,3.1,5.3,76,0.0,1.0,117.0
60,2021-03-16 15:22:06.000083447,48.51138318414983,9.203822472326722,407.71442959364487,2.5858353790114075,,,,,,,,,,2021-03-16 15:22:06.000083447,surprise,residential,30.0,,2021-03-18T09:13:00+00:00,Mostly cloudy,3.1,5.3,76,0.0,1.0,117.0
61,2021-03-16 15:22:07.000079155,48.511386395557935,9.20382739942179,407.7580771679058,1.3119248112625377,,,,,,,,,,2021-03-16 15:22:07.000079155,surprise,residential,30.0,,2021-03-18T09:13:00+00:00,Mostly cloudy,3.1,5.3,76,0.0,1.0,117.0
62,2021-03-16 15:22:08.000084877,48.511388598978854,9.203822297570342,407.81401559058577,0.5249026106092698,,,,,,,,,,2021-03-16 15:22:08.000084877,surprise,residential,30.0,,2021-03-18T09:13:00+00:00,Mostly cloudy,3.1,5.3,76,0.0,1.0,117.0
63,2021-03-16 15:22:09.000091553,48.51139150214965,9.203825354729467,407.69483308866614,0.0,,,,,,,,,,2021-03-16 15:22:09.000091553,surprise,residential,30.0,,2021-03-18T09:13:00+00:00,Mostly cloudy,3.1,5.3,76,0.0,1.0,117.0
64,2021-03-16 15:22:10.000097036,48.51139150214965,9.203825354729467,407.69483308866614,0.0,,,,,,,,,,2021-03-16 15:22:10.000097036,surprise,residential,30.0,,2021-03-18T09:13:00+00:00,Mostly cloudy,3.1,5.3,76,0.0,1.0,117.0
65,2021-03-16 15:22:11.000104427,48.51139150214965,9.203825354729467,407.69483308866614,0.0,,,,,,,,,,2021-03-16 15:22:11.000104427,surprise,residential,30.0,,2021-03-18T09:13:00+00:00,Mostly cloudy,3.1,5.3,76,0.0,1.0,117.0
66,2021-03-16 15:22:12.000111103,48.51139150214965,9.203825354729467,407.69483308866614,0.0,,,,,,,,,,2021-03-16 15:22:12.000111103,surprise,residential,30.0,,2021-03-18T09:13:00+00:00,Mostly cloudy,3.1,5.3,76,0.0,1.0,117.0
67,2021-03-16 15:22:13.111445904,48.51139150214965,9.203825354729467,407.69483308866614,0.0,,,,,,,,,,2021-03-16 15:22:13.111445904,surprise,residential,30.0,,2021-03-18T09:13:00+00:00,Mostly cloudy,3.1,5.3,76,0.0,1.0,117.0
68,2021-03-16 15:22:14.000123024,48.51139150214965,9.203825354729467,407.69483308866614,0.0,,,,,,,,,,2021-03-16 15:22:14.000123024,surprise,residential,30.0,,2021-03-18T09:13:00+00:00,Mostly cloudy,3.1,5.3,76,0.0,1.0,117.0
69,2021-03-16 15:22:15.000129223,48.51139150214965,9.203825354729467,407.69483308866614,0.0,,,,,,,,,,2021-03-16 15:22:15.000129223,surprise,residential,30.0,,2021-03-18T09:13:00+00:00,Mostly cloudy,3.1,5.3,76,0.0,1.0,117.0
70,2021-03-16 15:22:16.000135422,48.51139150214965,9.203825354729467,407.69483308866614,0.0,,,,,,,,,,2021-03-16 15:22:16.000135422,surprise,residential,30.0,,2021-03-18T09:13:00+00:00,Mostly cloudy,3.1,5.3,76,0.0,1.0,117.0
71,2021-03-16 15:22:17.000144005,48.51139150214965,9.203825354729467,407.69483308866614,0.0,,,,,,,,,,2021-03-16 15:22:17.000144005,surprise,residential,30.0,,2021-03-18T09:13:00+00:00,Mostly cloudy,3.1,5.3,76,0.0,1.0,117.0
72,2021-03-16 15:22:18.000150204,48.51139150214965,9.203825354729467,407.69483308866614,0.0,,,,,,,,,,2021-03-16 15:22:18.000150204,surprise,residential,30.0,,2021-03-18T09:13:00+00:00,Mostly cloudy,3.1,5.3,76,0.0,1.0,117.0
73,2021-03-16 15:22:19.000157118,48.51139150214965,9.203825354729467,407.69483308866614,0.0,,,,,,,,,,2021-03-16 15:22:19.000157118,surprise,residential,30.0,,2021-03-18T09:13:00+00:00,Mostly cloudy,3.1,5.3,76,0.0,1.0,117.0
74,2021-03-16 15:22:20.000164032,48.51139150214965,9.203825354729467,407.69483308866614,0.0,,,,,,,,,,2021-03-16 15:22:20.000164032,surprise,residential,30.0,,2021-03-18T09:13:00+00:00,Mostly cloudy,3.1,5.3,76,0.0,1.0,117.0
75,2021-03-16 15:22:21.000171661,48.51139150214965,9.203825354729467,407.69483308866614,0.0,,,,,,,,,,2021-03-16 15:22:21.000171661,surprise,residential,30.0,,2021-03-18T09:13:00+00:00,Mostly cloudy,3.1,5.3,76,0.0,1.0,117.0
76,2021-03-16 15:22:22.000178814,48.51139150214965,9.203825354729467,407.69483308866614,0.0,,,,,,,,,,2021-03-16 15:22:22.000178814,surprise,residential,30.0,,2021-03-18T09:13:00+00:00,Mostly cloudy,3.1,5.3,76,0.0,1.0,117.0
77,2021-03-16 15:22:23.000186443,48.51139150214965,9.203825354729467,407.69483308866614,0.0,,,,,,,,,,2021-03-16 15:22:23.000186443,surprise,residential,30.0,,2021-03-18T09:13:00+00:00,Mostly cloudy,3.1,5.3,76,0.0,1.0,117.0
78,2021-03-16 15:22:24.000191927,48.51139150214965,9.203825354729467,407.69483308866614,0.0,,,,,,,,,,2021-03-16 15:22:24.000191927,surprise,residential,30.0,,2021-03-18T09:13:00+00:00,Mostly cloudy,3.1,5.3,76,0.0,1.0,117.0
79,2021-03-16 15:22:25.000201941,48.51139150214965,9.203825354729467,407.69483308866614,0.0,,,,,,,,,,2021-03-16 15:22:25.000201941,surprise,residential,30.0,,2021-03-18T09:13:00+00:00,Mostly cloudy,3.1,5.3,76,0.0,1.0,117.0
80,2021-03-16 15:22:26.000207186,48.51139150214965,9.203825354729467,407.69483308866614,0.0,,,,,,,,,,2021-03-16 15:22:26.000207186,surprise,residential,30.0,,2021-03-18T09:13:00+00:00,Mostly cloudy,3.1,5.3,76,0.0,1.0,117.0
81,2021-03-16 15:22:27.000216484,48.51139150214965,9.203825354729467,407.69483308866614,0.0,,,,,,,,,,2021-03-16 15:22:27.000216484,surprise,residential,30.0,,2021-03-18T09:13:00+00:00,Mostly cloudy,3.1,5.3,76,0.0,1.0,117.0
82,2021-03-16 15:22:28.000222445,48.51139150214965,9.203825354729467,407.69483308866614,0.0,,,,,,,,,,2021-03-16 15:22:28.000222445,surprise,residential,30.0,,2021-03-18T09:13:00+00:00,Mostly cloudy,3.1,5.3,76,0.0,1.0,117.0
83,2021-03-16 15:22:29.000229359,48.51139150214965,9.203825354729467,407.69483308866614,0.0,,,,,,,,,,2021-03-16 15:22:29.000229359,surprise,residential,30.0,,2021-03-18T09:13:00+00:00,Mostly cloudy,3.1,5.3,76,0.0,1.0,117.0
84,2021-03-16 15:22:30.000237465,48.51139150214965,9.203825354729467,407.69483308866614,0.0,,,,,,,,,,2021-03-16 15:22:30.000237465,surprise,residential,30.0,,2021-03-18T09:13:00+00:00,Mostly cloudy,3.1,5.3,76,0.0,1.0,117.0
85,2021-03-16 15:22:31.000245094,48.51139150214965,9.203825354729467,407.69483308866614,0.0,,,,,,,,,,2021-03-16 15:22:31.000245094,surprise,residential,30.0,,2021-03-18T09:13:00+00:00,Mostly cloudy,3.1,5.3,76,0.0,1.0,117.0
86,2021-03-16 15:22:32.000252247,48.51139150214965,9.203825354729467,407.69483308866614,0.0,,,,,,,,,,2021-03-16 15:22:32.000252247,surprise,residential,30.0,,2021-03-18T09:13:00+00:00,Mostly cloudy,3.1,5.3,76,0.0,1.0,117.0
87,2021-03-16 15:22:33.000260353,48.51139150214965,9.203825354729467,407.69483308866614,0.0,,,,,,,,,,2021-03-16 15:22:33.000260353,surprise,residential,30.0,,2021-03-18T09:13:00+00:00,Mostly cloudy,3.1,5.3,76,0.0,1.0,117.0
88,2021-03-16 15:22:34.000268459,48.51139150214965,9.203825354729467,407.69483308866614,0.0,,,,,,,,,,2021-03-16 15:22:34.000268459,surprise,residential,30.0,,2021-03-18T09:13:00+00:00,Mostly cloudy,3.1,5.3,76,0.0,1.0,117.0
89,2021-03-16 15:22:35.000274181,48.51139150214965,9.203825354729467,407.69483308866614,0.0,,,,,,,,,,2021-03-16 15:22:35.000274181,surprise,residential,30.0,,2021-03-18T09:13:00+00:00,Mostly cloudy,3.1,5.3,76,0.0,1.0,117.0
90,2021-03-16 15:22:36.000283241,48.51139150214965,9.203825354729467,407.69483308866614,0.0,,,,,,,,,,2021-03-16 15:22:36.000283241,surprise,residential,30.0,,2021-03-18T09:13:00+00:00,Mostly cloudy,3.1,5.3,76,0.0,1.0,117.0
91,2021-03-16 15:22:37.000290394,48.51139150214965,9.203825354729467,407.69483308866614,0.0,,,,,,,,,,2021-03-16 15:22:37.000290394,surprise,residential,30.0,,2021-03-18T09:13:00+00:00,Mostly cloudy,3.1,5.3,76,0.0,1.0,117.0
92,2021-03-16 15:22:38.000296593,48.51139150214965,9.203825354729467,407.69483308866614,0.0,,,,,,,,,,2021-03-16 15:22:38.000296593,surprise,residential,30.0,,2021-03-18T09:13:00+00:00,Mostly cloudy,3.1,5.3,76,0.0,1.0,117.0
93,2021-03-16 15:22:39.000304222,48.51139150214965,9.203825354729467,407.69483308866614,0.0,,,,,,,,,,2021-03-16 15:22:39.000304222,surprise,residential,30.0,,2021-03-18T09:13:00+00:00,Mostly cloudy,3.1,5.3,76,0.0,1.0,117.0
94,2021-03-16 15:22:40.000311852,48.51139150214965,9.203825354729467,407.69483308866614,0.0,,,,,,,,,,2021-03-16 15:22:40.000311852,surprise,residential,30.0,,2021-03-18T09:13:00+00:00,Mostly cloudy,3.1,5.3,76,0.0,1.0,117.0
95,2021-03-16 15:22:41.000319958,48.51139150214965,9.203825354729467,407.69483308866614,0.0,,,,,,,,,,2021-03-16 15:22:41.000319958,surprise,residential,30.0,,2021-03-18T09:13:00+00:00,Mostly cloudy,3.1,5.3,76,0.0,1.0,117.0
96,2021-03-16 15:22:42.000328064,48.51139150214965,9.203825354729467,407.69483308866614,0.0,,,,,,,,,,2021-03-16 15:22:42.000328064,surprise,residential,30.0,,2021-03-18T09:13:00+00:00,Mostly cloudy,3.1,5.3,76,0.0,1.0,117.0
97,2021-03-16 15:22:43.000335217,48.51139150214965,9.203825354729467,407.69483308866614,0.0,,,,,,,,,,2021-03-16 15:22:43.000335217,surprise,residential,30.0,,2021-03-18T09:13:00+00:00,Mostly cloudy,3.1,5.3,76,0.0,1.0,117.0
98,2021-03-16 15:22:44.000344753,48.51139150214965,9.203825354729467,407.69483308866614,0.0,,,,,,,,,,2021-03-16 15:22:44.000344753,surprise,residential,30.0,,2021-03-18T09:13:00+00:00,Mostly cloudy,3.1,5.3,76,0.0,1.0,117.0
99,2021-03-16 15:22:45.000350475,48.51139150214965,9.203825354729467,407.69483308866614,0.0,,,,,,,,,,2021-03-16 15:22:45.000350475,surprise,residential,30.0,,2021-03-18T09:13:00+00:00,Mostly cloudy,3.1,5.3,76,0.0,1.0,117.0
100,2021-03-16 15:22:46.000359535,48.51139150214965,9.203825354729467,407.69483308866614,0.0,,,,,,,,,,2021-03-16 15:22:46.000359535,surprise,residential,30.0,,2021-03-18T09:13:00+00:00,Mostly cloudy,3.1,5.3,76,0.0,1.0,117.0
101,2021-03-16 15:22:47.000371456,48.51139150214965,9.203825354729467,407.69483308866614,0.0,,,,,,,,,,2021-03-16 15:22:47.000371456,surprise,residential,30.0,,2021-03-18T09:13:00+00:00,Mostly cloudy,3.1,5.3,76,0.0,1.0,117.0
102,2021-03-16 15:22:48.000374556,48.51139150214965,9.203825354729467,407.69483308866614,0.0,,,,,,,,,,2021-03-16 15:22:48.000374556,surprise,residential,30.0,,2021-03-18T09:13:00+00:00,Mostly cloudy,3.1,5.3,76,0.0,1.0,117.0
103,2021-03-16 15:22:49.000380993,48.51139150214965,9.203825354729467,407.69483308866614,0.0,,,,,,,,,,2021-03-16 15:22:49.000380993,surprise,residential,30.0,,2021-03-18T09:13:00+00:00,Mostly cloudy,3.1,5.3,76,0.0,1.0,117.0
104,2021-03-16 15:22:50.000388861,48.51139150214965,9.203825354729467,407.69483308866614,0.0,,,,,,,,,,2021-03-16 15:22:50.000388861,surprise,residential,30.0,,2021-03-18T09:13:00+00:00,Mostly cloudy,3.1,5.3,76,0.0,1.0,117.0
105,2021-03-16 15:22:51.000397444,48.51139150214965,9.203825354729467,407.69483308866614,0.0,,,,,,,,,,2021-03-16 15:22:51.000397444,surprise,residential,30.0,,2021-03-18T09:13:00+00:00,Mostly cloudy,3.1,5.3,76,0.0,1.0,117.0
106,2021-03-16 15:22:52.000404358,48.51139150214965,9.203825354729467,407.69483308866614,0.0,,,,,,,,,,2021-03-16 15:22:52.000404358,surprise,residential,30.0,,2021-03-18T09:13:00+00:00,Mostly cloudy,3.1,5.3,76,0.0,1.0,117.0
107,2021-03-16 15:22:53.000411272,48.51139150214965,9.203825354729467,407.69483308866614,0.0,,,,,,,,,,2021-03-16 15:22:53.000411272,surprise,residential,30.0,,2021-03-18T09:13:00+00:00,Mostly cloudy,3.1,5.3,76,0.0,1.0,117.0
108,2021-03-16 15:22:54.000419617,48.51139150214965,9.203825354729467,407.69483308866614,0.0,,,,,,,,,,2021-03-16 15:22:54.000419617,surprise,residential,30.0,,2021-03-18T09:13:00+00:00,Mostly cloudy,3.1,5.3,76,0.0,1.0,117.0
109,2021-03-16 15:22:55.000427485,48.51139150214965,9.203825354729467,407.69483308866614,0.0,,,,,,,,,,2021-03-16 15:22:55.000427485,surprise,residential,30.0,,2021-03-18T09:13:00+00:00,Mostly cloudy,3.1,5.3,76,0.0,1.0,117.0
110,2021-03-16 15:22:56.009643078,48.51139150214965,9.203825354729467,407.69483308866614,0.0,,,,,,,,,,2021-03-16 15:22:56.009643078,surprise,residential,30.0,,2021-03-18T09:13:00+00:00,Mostly cloudy,3.1,5.3,76,0.0,1.0,117.0
111,2021-03-16 15:22:57.008303164,48.51139150214965,9.203825354729467,407.69483308866614,0.0,,,,,,,,,,2021-03-16 15:22:57.008303164,surprise,residential,30.0,,2021-03-18T09:13:00+00:00,Mostly cloudy,3.1,5.3,76,0.0,1.0,117.0
112,2021-03-16 15:22:58.025843143,48.51139150214965,9.203825354729467,407.69483308866614,0.0,,,,,,,,,,2021-03-16 15:22:58.025843143,surprise,residential,30.0,,2021-03-18T09:13:00+00:00,Mostly cloudy,3.1,5.3,76,0.0,1.0,117.0
113,2021-03-16 15:22:59.039139032,48.51139150214965,9.203825354729467,407.69483308866614,0.0,,,,,,,,,,2021-03-16 15:22:59.039139032,surprise,residential,30.0,,2021-03-18T09:13:00+00:00,Mostly cloudy,3.1,5.3,76,0.0,1.0,117.0
114,2021-03-16 15:23:00.036768913,48.51138748541012,9.203823991865068,407.23488573171204,0.0,,,,,,,,,,2021-03-16 15:23:00.036768913,surprise,residential,30.0,,2021-03-18T09:13:00+00:00,Mostly cloudy,3.1,5.3,76,0.0,1.0,117.0
115,2021-03-16 15:23:01.030145168,48.51137988450653,9.203826263084169,407.2156427297741,0.0,,,,,,,,,,2021-03-16 15:23:01.030145168,surprise,residential,30.0,,2021-03-18T09:13:00+00:00,Mostly cloudy,3.1,5.3,76,0.0,1.0,117.0
116,2021-03-16 15:23:02.256693840,48.51128268499353,9.203872049460829,406.60417336504906,5.962490994753232,,,,,,,,,,2021-03-16 15:23:02.256693840,surprise,residential,30.0,,2021-03-18T09:13:00+00:00,Mostly cloudy,3.1,5.3,76,0.0,1.0,117.0
117,2021-03-16 15:23:03.076092958,48.51128268499353,9.203872049460829,406.60417336504906,5.962490994753232,,,,,,,,,,2021-03-16 15:23:03.076092958,surprise,residential,30.0,,2021-03-18T09:13:00+00:00,Mostly cloudy,3.1,5.3,76,0.0,1.0,117.0
118,2021-03-16 15:23:04.089833975,48.51121244086665,9.203896137924612,406.2435363074765,7.704167904871168,,,,,,,,,,2021-03-16 15:23:04.089833975,surprise,residential,30.0,,2021-03-18T09:13:00+00:00,Mostly cloudy,3.1,5.3,76,0.0,1.0,117.0
119,2021-03-16 15:23:05.103945017,48.51113948267906,9.20391635542259,405.7905211579055,8.412666879397818,,,,,,,,,,2021-03-16 15:23:05.103945017,happiness,residential,30.0,,2021-03-18T09:13:00+00:00,Mostly cloudy,3.1,5.3,76,0.0,1.0,117.0
120,2021-03-16 15:23:06.129132032,48.51105563562633,9.203932497751127,405.26155428495264,9.380452678411425,,,,,,,,,,2021-03-16 15:23:06.129132032,happiness,residential,30.0,,2021-03-18T09:13:00+00:00,Mostly cloudy,3.1,5.3,76,0.0,1.0,117.0
121,2021-03-16 15:23:08.000528336,48.51072368248166,9.20393367413043,404.09363755211234,12.651604846317124,,,,,,,,,,2021-03-16 15:23:08.000528336,happiness,footway,,,2021-03-18T09:13:00+00:00,Mostly cloudy,3.1,5.3,76,0.0,1.0,117.0
122,2021-03-16 15:23:09.000536919,48.51060583512314,9.203931170058775,403.53975442424417,13.055744098701576,,,,,,,,,,2021-03-16 15:23:09.000536919,happiness,footway,,,2021-03-18T09:13:00+00:00,Mostly cloudy,3.1,5.3,76,0.0,1.0,117.0
123,2021-03-16 15:23:10.000544071,48.51048496464351,9.203928256156145,402.8115491811186,13.39954458074994,,,,,,,,,,2021-03-16 15:23:10.000544071,happiness,footway,,,2021-03-18T09:13:00+00:00,Mostly cloudy,3.1,5.3,76,0.0,1.0,117.0
124,2021-03-16 15:23:11.000553370,48.51036550139599,9.20392329074726,402.07591773848986,13.088662097717096,,,,,,,,,,2021-03-16 15:23:11.000553370,happiness,footway,,,2021-03-18T09:13:00+00:00,Mostly cloudy,3.1,5.3,76,0.0,1.0,117.0
125,2021-03-16 15:23:12.000561714,48.510252498091624,9.203920044064004,401.7461073119193,12.601540057770025,,,,,,,,,,2021-03-16 15:23:12.000561714,happiness,footway,,,2021-03-18T09:13:00+00:00,Mostly cloudy,3.1,5.3,76,0.0,1.0,117.0
126,2021-03-16 15:23:13.000568867,48.51013716604943,9.203914979592154,401.5125750321895,12.620595601791287,,,,,,,,,,2021-03-16 15:23:13.000568867,happiness,footway,,,2021-03-18T09:13:00+00:00,Mostly cloudy,3.1,5.3,76,0.0,1.0,117.0
127,2021-03-16 15:23:14.000576496,48.51002002287718,9.203906470676236,401.02084580250084,12.705061787725166,,,,,,,,,,2021-03-16 15:23:14.000576496,happiness,footway,,,2021-03-18T09:13:00+00:00,Mostly cloudy,3.1,5.3,76,0.0,1.0,117.0
128,2021-03-16 15:23:15.000583172,48.509904889605636,9.203904086955774,400.7750644618645,12.735108074377944,,,,,,,,,,2021-03-16 15:23:15.000583172,happiness,footway,,,2021-03-18T09:13:00+00:00,Mostly cloudy,3.1,5.3,76,0.0,1.0,117.0
129,2021-03-16 15:23:16.000592232,48.50978830276059,9.203900292976718,400.3394369194284,12.803141289787009,,,,,,,,,,2021-03-16 15:23:16.000592232,happiness,residential,30.0,,2021-03-18T09:13:00+00:00,Mostly cloudy,3.1,5.3,76,0.0,1.0,117.0
130,2021-03-16 15:23:17.000632286,48.509673028843785,9.203897531608726,400.05591980740434,12.840464459945535,,,,,,,,,,2021-03-16 15:23:17.000632286,happiness,path,,,2021-03-18T09:13:00+00:00,Mostly cloudy,3.1,5.3,76,0.0,1.0,117.0
131,2021-03-16 15:23:18.000606537,48.50955670365098,9.2038936790243,399.86646051052963,12.879436158935912,,,,,,,,,,2021-03-16 15:23:18.000606537,happiness,path,,,2021-03-18T09:13:00+00:00,Mostly cloudy,3.1,5.3,76,0.0,1.0,117.0
132,2021-03-16 15:23:19.000615597,48.50943639973249,9.203888945327726,399.6949478434399,13.18569926133914,,,,,,,,,,2021-03-16 15:23:19.000615597,happiness,path,,,2021-03-18T09:13:00+00:00,Mostly cloudy,3.1,5.3,76,0.0,1.0,117.0
133,2021-03-16 15:23:20.000622988,48.50931374550778,9.203887455290019,399.368470643647,13.681914784965265,,,,,,,,,,2021-03-16 15:23:20.000622988,happiness,path,,,2021-03-18T09:13:00+00:00,Mostly cloudy,3.1,5.3,76,0.0,1.0,117.0
134,2021-03-16 15:23:21.000630617,48.50918537550461,9.203890351607935,399.2770534064621,14.357090525076876,,,,,,,,,,2021-03-16 15:23:21.000630617,happiness,path,,,2021-03-18T09:13:00+00:00,Mostly cloudy,3.1,5.3,76,0.0,1.0,117.0
135,2021-03-16 15:23:22.000638008,48.50905195073079,9.203894994770572,399.33207963313913,14.906972914414535,,,,,,,,,,2021-03-16 15:23:22.000638008,happiness,path,,,2021-03-18T09:13:00+00:00,Mostly cloudy,3.1,5.3,76,0.0,1.0,117.0
136,2021-03-16 15:23:23.000648022,48.508918082582205,9.203907107411963,399.61221371684235,15.175337974898524,,,,,,,,,,2021-03-16 15:23:23.000648022,happiness,path,,,2021-03-18T09:13:00+00:00,Mostly cloudy,3.1,5.3,76,0.0,1.0,117.0
137,2021-03-16 15:23:24.000653267,48.50878007426883,9.20392348537676,399.45347231440246,15.4676885862631,,,,,,,,,,2021-03-16 15:23:24.000653267,happiness,path,,,2021-03-18T09:13:00+00:00,Mostly cloudy,3.1,5.3,76,0.0,1.0,117.0
138,2021-03-16 15:23:25.000667572,48.50863837680503,9.203942182465301,399.12052445672447,15.731534080972395,,,,,,,,,,2021-03-16 15:23:25.000667572,happiness,path,,,2021-03-18T09:13:00+00:00,Mostly cloudy,3.1,5.3,76,0.0,1.0,117.0
139,2021-03-16 15:23:26.000669956,48.50849673810551,9.203965035369977,399.2674062196165,15.962844051243186,,,,,,,,,,2021-03-16 15:23:26.000669956,happiness,path,,,2021-03-18T09:13:00+00:00,Mostly cloudy,3.1,5.3,76,0.0,1.0,117.0
140,2021-03-16 15:23:27.000676632,48.50835139030141,9.203991551295996,399.1598936887458,16.222783514181092,,,,,,,,,,2021-03-16 15:23:27.000676632,happiness,path,,,2021-03-18T09:13:00+00:00,Mostly cloudy,3.1,5.3,76,0.0,1.0,117.0
141,2021-03-16 15:23:28.000686169,48.5082032457863,9.204022571714788,398.91777827125037,16.46555294698186,,,,,,,,,,2021-03-16 15:23:28.000686169,happiness,path,,,2021-03-18T09:13:00+00:00,Mostly cloudy,3.1,5.3,76,0.0,1.0,117.0
142,2021-03-16 15:23:29.000692606,48.50805352328222,9.20405822613057,398.6932850442827,16.7175142642445,,,,,,,,,,2021-03-16 15:23:29.000692606,happiness,path,,,2021-03-18T09:13:00+00:00,Mostly cloudy,3.1,5.3,76,0.0,1.0,117.0
143,2021-03-16 15:23:30.146664143,48.50788259030468,9.204101262432749,398.6879211841152,16.801635542033534,,,,,,,,,,2021-03-16 15:23:30.146664143,happiness,residential,30.0,,2021-03-18T09:13:00+00:00,Mostly cloudy,3.1,5.3,76,0.0,1.0,117.0
144,2021-03-16 15:23:30.440304041,48.50788259030468,9.204101262432749,398.6879211841152,16.801635542033534,,,,,,,,,,2021-03-16 15:23:30.440304041,happiness,residential,30.0,,2021-03-18T09:13:00+00:00,Mostly cloudy,3.1,5.3,76,0.0,1.0,117.0
145,2021-03-16 15:23:42.000794411,48.50632751074564,9.205133285527037,395.6783748343587,15.003852943449695,,,,,,,,,,2021-03-16 15:23:42.000794411,happiness,path,,,2021-03-18T09:13:00+00:00,Mostly cloudy,3.1,5.3,76,0.0,1.0,117.0
146,2021-03-16 15:23:43.000802517,48.50623942357912,9.20503768812547,393.2697826214135,14.080181463796757,,,,,,,,,,2021-03-16 15:23:43.000802517,happiness,path,,,2021-03-18T09:13:00+00:00,Mostly cloudy,3.1,5.3,76,0.0,1.0,117.0
147,2021-03-16 15:23:44.000810623,48.50616291069273,9.20513425886184,392.46150795649737,14.220736520238447,,,,,,,,,,2021-03-16 15:23:44.000810623,happiness,path,,,2021-03-18T09:13:00+00:00,Mostly cloudy,3.1,5.3,76,0.0,1.0,117.0
148,2021-03-16 15:23:45.000818253,48.506066702897215,9.205255304539143,391.9842686103657,14.294097808582835,,,,,,,,,,2021-03-16 15:23:45.000818253,happiness,path,,,2021-03-18T09:13:00+00:00,Mostly cloudy,3.1,5.3,76,0.0,1.0,117.0
269,2021-03-16 15:23:46.000826359,48.5059717280875,9.205371524033783,391.7364255012944,13.990311229848983,,,,,,,,,,2021-03-16 15:23:46.000826359,happiness,path,,,2021-03-18T09:13:00+00:00,Mostly cloudy,3.1,5.3,76,0.0,1.0,117.0
270,2021-03-16 15:23:47.000833511,48.50587643909679,9.20548689467053,391.26051077991724,13.66029836223716,,,,,,,,,,2021-03-16 15:23:47.000833511,happiness,path,,,2021-03-18T09:13:00+00:00,Mostly cloudy,3.1,5.3,76,0.0,1.0,117.0
271,2021-03-16 15:23:48.000842094,48.505782781003894,9.205594337777491,389.90220342390234,13.522493443516545,,,,,,,,,,2021-03-16 15:23:48.000842094,happiness,path,,,2021-03-18T09:13:00+00:00,Mostly cloudy,3.1,5.3,76,0.0,1.0,117.0
272,2021-03-16 15:23:48.999847412,48.50568434660211,9.205702975647416,388.9308298593387,13.691018575569947,,,,,,,,,,2021-03-16 15:23:48.999847412,happiness,path,,,2021-03-18T09:13:00+00:00,Mostly cloudy,3.1,5.3,76,0.0,1.0,117.0
273,2021-03-16 15:23:49.999861956,48.50557624030426,9.20580172033682,388.78112261369836,13.934897464564385,,,,,,,,,,2021-03-16 15:23:49.999861956,happiness,path,,,2021-03-18T09:13:00+00:00,Mostly cloudy,3.1,5.3,76,0.0,1.0,117.0
274,2021-03-16 15:23:50.999857903,48.5054639331495,9.205885689215737,388.4842465352266,14.133656452195515,,,,,,,,,,2021-03-16 15:23:50.999857903,happiness,primary,50.0,3.0,2021-03-18T09:13:00+00:00,Mostly cloudy,3.1,5.3,76,0.0,1.0,117.0
275,2021-03-16 15:23:51.999873161,48.50534526332443,9.205960788062328,388.0068897586316,14.275869714394224,,,,,,,,,,2021-03-16 15:23:51.999873161,happiness,primary,50.0,3.0,2021-03-18T09:13:00+00:00,Mostly cloudy,3.1,5.3,76,0.0,1.0,117.0
276,2021-03-16 15:23:52.999867916,48.50521937092496,9.206017582809146,387.1819855412468,14.364900305049431,,,,,,,,,,2021-03-16 15:23:52.999867916,happiness,primary,50.0,3.0,2021-03-18T09:13:00+00:00,Mostly cloudy,3.1,5.3,76,0.0,1.0,117.0
277,2021-03-16 15:23:53.999879122,48.50509341582611,9.206059032173798,386.3394195400178,14.330088867271517,,,,,,,,,,2021-03-16 15:23:53.999879122,happiness,primary,50.0,3.0,2021-03-18T09:13:00+00:00,Mostly cloudy,3.1,5.3,76,0.0,1.0,117.0
278,2021-03-16 15:23:54.999876022,48.504966423002365,9.206087455531707,385.8928910503164,14.252945258004644,,,,,,,,,,2021-03-16 15:23:54.999876022,happiness,service,,,2021-03-18T09:13:00+00:00,Mostly cloudy,3.1,5.3,76,0.0,1.0,117.0
279,2021-03-16 15:23:55.999890089,48.50484079156083,9.206104312222227,385.414925372228,14.160944055447654,,,,,,,,,,2021-03-16 15:23:55.999890089,happiness,service,,,2021-03-18T09:13:00+00:00,Mostly cloudy,3.1,5.3,76,0.0,1.0,117.0
280,2021-03-16 15:23:56.999878168,48.504711096987094,9.206113394031664,384.9894618978724,14.120257469523521,,,,,,,,,,2021-03-16 15:23:56.999878168,happiness,service,,,2021-03-18T09:13:00+00:00,Mostly cloudy,3.1,5.3,76,0.0,1.0,117.0
281,2021-03-16 15:23:57.999891281,48.50458400691595,9.206117224464514,384.7261208398268,14.041631020603663,,,,,,,,,,2021-03-16 15:23:57.999891281,happiness,service,,,2021-03-18T09:13:00+00:00,Mostly cloudy,3.1,5.3,76,0.0,1.0,117.0
282,2021-03-16 15:23:58.999887705,48.50445553039168,9.206117360769554,383.8703713566066,14.163319654507887,,,,,,,,,,2021-03-16 15:23:58.999887705,happiness,service,,,2021-03-18T09:13:00+00:00,Mostly cloudy,3.1,5.3,76,0.0,1.0,117.0
283,2021-03-16 15:23:59.999900341,48.50432328101238,9.206115997018346,383.1048192204908,14.368104074481847,,,,,,,,,,2021-03-16 15:23:59.999900341,happiness,primary,50.0,2.0,2021-03-18T09:13:00+00:00,Mostly cloudy,3.1,5.3,76,0.0,1.0,117.0
284,2021-03-16 15:24:00.999892712,48.50419171440174,9.206114539515136,382.4389695096762,14.426040160559275,,,,,,,,,,2021-03-16 15:24:00.999892712,happiness,primary,50.0,2.0,2021-03-18T09:13:00+00:00,Mostly cloudy,3.1,5.3,76,0.0,1.0,117.0
285,2021-03-16 15:24:01.999905109,48.50406027301981,9.20610781103642,381.7503652786836,14.43330292569977,,,,,,,,,,2021-03-16 15:24:01.999905109,happiness,residential,30.0,,2021-03-18T09:13:00+00:00,Mostly cloudy,3.1,5.3,76,0.0,1.0,117.0
286,2021-03-16 15:24:02.999897480,48.50392560097394,9.206091732844564,380.99975321628153,14.474924009126644,,,,,,,,,,2021-03-16 15:24:02.999897480,happiness,residential,30.0,,2021-03-18T09:13:00+00:00,Mostly cloudy,3.1,5.3,76,0.0,1.0,117.0
287,2021-03-16 15:24:03.999904394,48.50379487340511,9.206074835920768,380.71906424872566,14.465251070874315,,,,,,,,,,2021-03-16 15:24:03.999904394,happiness,residential,30.0,,2021-03-18T09:13:00+00:00,Mostly cloudy,3.1,5.3,76,0.0,1.0,117.0
288,2021-03-16 15:24:04.999897242,48.50366344327843,9.206051878061533,380.4143312619999,14.54025115575809,,,,,,,,,,2021-03-16 15:24:04.999897242,happiness,residential,30.0,,2021-03-18T09:13:00+00:00,Mostly cloudy,3.1,5.3,76,0.0,1.0,117.0
289,2021-03-16 15:24:06.066975117,48.50366344327843,9.206051878061533,380.4143312619999,14.54025115575809,,,,,,,,,,2021-03-16 15:24:06.066975117,neutral,residential,30.0,,2021-03-18T09:13:00+00:00,Mostly cloudy,3.1,5.3,76,0.0,1.0,117.0
290,2021-03-16 15:24:06.999899864,48.50339752505918,9.205992714775393,380.55661539826536,14.534636422123318,,,,,,,,,,2021-03-16 15:24:06.999899864,neutral,service,30.0,,2021-03-18T09:13:00+00:00,Mostly cloudy,3.1,5.3,76,0.0,1.0,117.0
291,2021-03-16 15:24:07.999909163,48.503272239231386,9.205968040427699,380.2601297823712,14.281084909247026,,,,,,,,,,2021-03-16 15:24:07.999909163,neutral,service,30.0,,2021-03-18T09:13:00+00:00,Mostly cloudy,3.1,5.3,76,0.0,1.0,117.0
292,2021-03-16 15:24:08.999914885,48.50314748417832,9.205942402123693,380.4776502279565,14.204551786816127,,,,,,,,,,2021-03-16 15:24:08.999914885,neutral,service,30.0,,2021-03-18T09:13:00+00:00,Mostly cloudy,3.1,5.3,76,0.0,1.0,117.0
293,2021-03-16 15:24:09.999923944,48.50301891150384,9.205914853271414,381.08233710285276,14.350151738707295,,,,,,,,,,2021-03-16 15:24:09.999923944,neutral,primary,50.0,3.0,2021-03-18T09:13:00+00:00,Mostly cloudy,3.1,5.3,76,0.0,1.0,117.0
294,2021-03-16 15:24:11.003676891,48.50301891150384,9.205914853271414,381.08233710285276,14.350151738707295,,,,,,,,,,2021-03-16 15:24:11.003676891,neutral,primary,50.0,3.0,2021-03-18T09:13:00+00:00,Mostly cloudy,3.1,5.3,76,0.0,1.0,117.0
295,2021-03-16 15:24:12.021408319,48.502888377315124,9.205886780970989,381.49820363055915,14.42111746625062,,,,,,,,,,2021-03-16 15:24:12.021408319,neutral,primary,50.0,3.0,2021-03-18T09:13:00+00:00,Mostly cloudy,3.1,5.3,76,0.0,1.0,117.0
296,2021-03-16 15:24:13.014140129,48.50275639677962,9.205862715370259,381.900049331598,14.566605248469903,,,,,,,,,,2021-03-16 15:24:13.014140129,neutral,primary,50.0,3.0,2021-03-18T09:13:00+00:00,Mostly cloudy,3.1,5.3,76,0.0,1.0,117.0
297,2021-03-16 15:24:14.233804941,48.50249137597135,9.205817205726296,382.8750019138679,14.877064142180688,,,,,,,,,,2021-03-16 15:24:14.233804941,neutral,primary,50.0,3.0,2021-03-18T09:13:00+00:00,Mostly cloudy,3.1,5.3,76,0.0,1.0,117.0
298,2021-03-16 15:24:15.039829016,48.50249137597135,9.205817205726296,382.8750019138679,14.877064142180688,,,,,,,,,,2021-03-16 15:24:15.039829016,neutral,primary,50.0,3.0,2021-03-18T09:13:00+00:00,Mostly cloudy,3.1,5.3,76,0.0,1.0,117.0
299,2021-03-16 15:24:16.056668997,48.502357541058686,9.205796649338199,383.149091411382,14.816483561788528,,,,,,,,,,2021-03-16 15:24:16.056668997,neutral,primary,50.0,3.0,2021-03-18T09:13:00+00:00,Mostly cloudy,3.1,5.3,76,0.0,1.0,117.0
300,2021-03-16 15:24:17.070770025,48.502226626540796,9.20577792728974,383.4277120055632,14.767592560741448,,,,,,,,,,2021-03-16 15:24:17.070770025,neutral,path,,,2021-03-18T09:13:00+00:00,Mostly cloudy,3.1,5.3,76,0.0,1.0,117.0
301,2021-03-16 15:24:18.088869095,48.502091822806385,9.205762447675266,383.8132367199287,14.751017077512655,,,,,,,,,,2021-03-16 15:24:18.088869095,neutral,primary_link,50.0,,2021-03-18T09:13:00+00:00,Mostly cloudy,3.1,5.3,76,0.0,1.0,117.0
302,2021-03-16 15:24:19.103281975,48.501959412131434,9.2057369878555,384.2065354641527,14.794284915443955,,,,,,,,,,2021-03-16 15:24:19.103281975,neutral,primary_link,50.0,,2021-03-18T09:13:00+00:00,Mostly cloudy,3.1,5.3,76,0.0,1.0,117.0
303,2021-03-16 15:24:20.122151852,48.50182719706513,9.205696909825836,384.4884657645598,14.825237411408287,,,,,,,,,,2021-03-16 15:24:20.122151852,neutral,primary,50.0,,2021-03-18T09:13:00+00:00,Mostly cloudy,3.1,5.3,76,0.0,1.0,117.0
304,2021-03-16 15:24:21.118615150,48.50169921243912,9.20564883839218,384.4258958557621,14.775071813014126,,,,,,,,,,2021-03-16 15:24:21.118615150,neutral,primary,50.0,,2021-03-18T09:13:00+00:00,Mostly cloudy,3.1,5.3,76,0.0,1.0,117.0
305,2021-03-16 15:24:23.000042200,48.501334930644816,9.205456037788966,382.91688305232674,14.251211859628189,,,,,,,,,,2021-03-16 15:24:23.000042200,neutral,primary,60.0,2.0,2021-03-18T09:13:00+00:00,Mostly cloudy,3.1,5.3,76,0.0,1.0,117.0
306,2021-03-16 15:24:24.000026703,48.50121776064157,9.20538466505168,382.0640460709111,14.190741836190615,,,,,,,,,,2021-03-16 15:24:24.000026703,neutral,primary,60.0,2.0,2021-03-18T09:13:00+00:00,Mostly cloudy,3.1,5.3,76,0.0,1.0,117.0
307,2021-03-16 15:24:25.000035763,48.501102321822216,9.205304367768292,381.476672552526,14.084439219602633,,,,,,,,,,2021-03-16 15:24:25.000035763,neutral,primary,60.0,2.0,2021-03-18T09:13:00+00:00,Mostly cloudy,3.1,5.3,76,0.0,1.0,117.0
308,2021-03-16 15:24:26.000042439,48.50098867398449,9.205213574718057,380.9533841582015,14.094244952824972,,,,,,,,,,2021-03-16 15:24:26.000042439,neutral,primary,60.0,2.0,2021-03-18T09:13:00+00:00,Mostly cloudy,3.1,5.3,76,0.0,1.0,117.0
309,2021-03-16 15:24:27.000051498,48.5008758682806,9.205113757263646,380.5950158787891,14.190637161572926,,,,,,,,,,2021-03-16 15:24:27.000051498,neutral,primary_link,,,2021-03-18T09:13:00+00:00,Mostly cloudy,3.1,5.3,76,0.0,1.0,117.0
310,2021-03-16 15:24:28.000059128,48.50076592542593,9.205016749896016,380.0874057058245,14.198893898675795,,,,,,,,,,2021-03-16 15:24:28.000059128,neutral,primary_link,,,2021-03-18T09:13:00+00:00,Mostly cloudy,3.1,5.3,76,0.0,1.0,117.0
311,2021-03-16 15:24:29.000067234,48.500656330344846,9.204920167431943,379.9815571093932,14.156398157120625,,,,,,,,,,2021-03-16 15:24:29.000067234,neutral,primary_link,,,2021-03-18T09:13:00+00:00,Mostly cloudy,3.1,5.3,76,0.0,1.0,117.0
312,2021-03-16 15:24:30.000073195,48.50054445829393,9.204829107078293,379.9057731674984,14.117973731262266,,,,,,,,,,2021-03-16 15:24:30.000073195,neutral,primary_link,,,2021-03-18T09:13:00+00:00,Mostly cloudy,3.1,5.3,76,0.0,1.0,117.0
313,2021-03-16 15:24:31.000082016,48.50042789089729,9.204741605613854,379.76424508728087,14.287080854513409,,,,,,,,,,2021-03-16 15:24:31.000082016,neutral,primary_link,,,2021-03-18T09:13:00+00:00,Mostly cloudy,3.1,5.3,76,0.0,1.0,117.0
314,2021-03-16 15:24:32.000088930,48.50030817783302,9.204663612269824,379.6514731096104,14.464284105420955,,,,,,,,,,2021-03-16 15:24:32.000088930,neutral,secondary,50.0,,2021-03-18T09:13:00+00:00,Mostly cloudy,3.1,5.3,76,0.0,1.0,117.0
315,2021-03-16 15:24:33.000098467,48.50018524664553,9.204595689433098,379.6168976826593,14.574719860112724,,,,,,,,,,2021-03-16 15:24:33.000098467,neutral,secondary,50.0,,2021-03-18T09:13:00+00:00,Mostly cloudy,3.1,5.3,76,0.0,1.0,117.0
316,2021-03-16 15:24:34.000105381,48.50005624153278,9.204547750331725,379.64892949350167,14.793363716113312,,,,,,,,,,2021-03-16 15:24:34.000105381,neutral,secondary,50.0,,2021-03-18T09:13:00+00:00,Mostly cloudy,3.1,5.3,76,0.0,1.0,117.0
317,2021-03-16 15:24:35.000116825,48.499919482811926,9.204518073565845,379.6241993829608,15.129973879738193,,,,,,,,,,2021-03-16 15:24:35.000116825,neutral,secondary,50.0,,2021-03-18T09:13:00+00:00,Mostly cloudy,3.1,5.3,76,0.0,1.0,117.0
318,2021-03-16 15:24:36.000122070,48.49978004797259,9.20449982644774,379.7347816061229,15.360911277202687,,,,,,,,,,2021-03-16 15:24:36.000122070,neutral,secondary,50.0,,2021-03-18T09:13:00+00:00,Mostly cloudy,3.1,5.3,76,0.0,1.0,117.0
319,2021-03-16 15:24:37.000129700,48.49964138758236,9.204487696887039,379.539395282045,15.406009922313961,,,,,,,,,,2021-03-16 15:24:37.000129700,neutral,secondary,50.0,,2021-03-18T09:13:00+00:00,Mostly cloudy,3.1,5.3,76,0.0,1.0,117.0
320,2021-03-16 15:24:38.000137806,48.49950471954721,9.204481684302868,379.3991792798042,15.40271762535157,,,,,,,,,,2021-03-16 15:24:38.000137806,neutral,secondary,50.0,,2021-03-18T09:13:00+00:00,Mostly cloudy,3.1,5.3,76,0.0,1.0,117.0
321,2021-03-16 15:24:39.000145435,48.499365986757354,9.204484748191812,379.21435592416674,15.463974455160198,,,,,,,,,,2021-03-16 15:24:39.000145435,neutral,secondary,50.0,,2021-03-18T09:13:00+00:00,Mostly cloudy,3.1,5.3,76,0.0,1.0,117.0
322,2021-03-16 15:24:40.000153303,48.49922785423345,9.204484333055976,378.950032944791,15.35888477284058,,,,,,,,,,2021-03-16 15:24:40.000153303,neutral,residential,50.0,,2021-03-18T09:13:00+00:00,Mostly cloudy,3.1,5.3,76,0.0,1.0,117.0
323,2021-03-16 15:24:41.000161648,48.49909685495679,9.20448398740592,378.76461577415466,14.618055353146774,,,,,,,,,,2021-03-16 15:24:41.000161648,neutral,residential,50.0,,2021-03-18T09:13:00+00:00,Mostly cloudy,3.1,5.3,76,0.0,1.0,117.0
324,2021-03-16 15:24:42.000169516,48.49897029391183,9.20448554854127,378.2867669509724,14.078824302799491,,,,,,,,,,2021-03-16 15:24:42.000169516,neutral,secondary,50.0,3.0,2021-03-18T09:13:00+00:00,Mostly cloudy,3.1,5.3,76,0.0,1.0,117.0
325,2021-03-16 15:24:43.000180721,48.498846569613676,9.204483526134226,378.0202230745928,13.764915497944285,,,,,,,,,,2021-03-16 15:24:43.000180721,neutral,secondary,50.0,3.0,2021-03-18T09:13:00+00:00,Mostly cloudy,3.1,5.3,76,0.0,1.0,117.0
326,2021-03-16 15:24:44.000185966,48.49872508197292,9.204483227501928,377.4216539114714,13.54885105910928,,,,,,,,,,2021-03-16 15:24:44.000185966,neutral,secondary,50.0,3.0,2021-03-18T09:13:00+00:00,Mostly cloudy,3.1,5.3,76,0.0,1.0,117.0
327,2021-03-16 15:24:45.000290155,48.49860526974924,9.204485826273716,376.71122223418206,13.237807435729735,,,,,,,,,,2021-03-16 15:24:45.000290155,neutral,secondary,50.0,3.0,2021-03-18T09:13:00+00:00,Mostly cloudy,3.1,5.3,76,0.0,1.0,117.0
328,2021-03-16 15:24:46.000201702,48.49848603866634,9.204489813594057,376.0611222861335,12.932574687318509,,,,,,,,,,2021-03-16 15:24:46.000201702,neutral,secondary,50.0,3.0,2021-03-18T09:13:00+00:00,Mostly cloudy,3.1,5.3,76,0.0,1.0,117.0
329,2021-03-16 15:24:47.000209808,48.49838937690007,9.204512361144726,375.3928319364787,12.369712926673234,,,,,,,,,,2021-03-16 15:24:47.000209808,neutral,secondary,50.0,3.0,2021-03-18T09:13:00+00:00,Mostly cloudy,3.1,5.3,76,0.0,1.0,117.0
330,2021-03-16 15:24:48.000216961,48.49828728074559,9.204536557120887,374.50810150709,11.864174217956009,,,,,,,,,,2021-03-16 15:24:48.000216961,neutral,secondary,50.0,3.0,2021-03-18T09:13:00+00:00,Mostly cloudy,3.1,5.3,76,0.0,1.0,117.0
331,2021-03-16 15:24:49.000225067,48.498205465295754,9.204574653132743,374.23692815005785,10.94534966793278,,,,,,,,,,2021-03-16 15:24:49.000225067,neutral,secondary,50.0,3.0,2021-03-18T09:13:00+00:00,Mostly cloudy,3.1,5.3,76,0.0,1.0,117.0
332,2021-03-16 15:24:50.000235081,48.49813411728772,9.204616973126287,374.008096139878,10.007240571116833,,,,,,,,,,2021-03-16 15:24:50.000235081,neutral,secondary,50.0,3.0,2021-03-18T09:13:00+00:00,Mostly cloudy,3.1,5.3,76,0.0,1.0,117.0
333,2021-03-16 15:24:51.000241280,48.49807405136937,9.204661364948528,373.7305798949673,8.969929137285536,,,,,,,,,,2021-03-16 15:24:51.000241280,neutral,secondary,50.0,3.0,2021-03-18T09:13:00+00:00,Mostly cloudy,3.1,5.3,76,0.0,1.0,117.0
334,2021-03-16 15:24:52.000315666,48.49801970790031,9.204702542496065,373.51660234760493,7.468311055191236,,,,,,,,,,2021-03-16 15:24:52.000315666,neutral,secondary,50.0,3.0,2021-03-18T09:13:00+00:00,Mostly cloudy,3.1,5.3,76,0.0,1.0,117.0
335,2021-03-16 15:24:53.000257492,48.497964096778134,9.204732900647429,373.2783474251628,5.970631937867261,,,,,,,,,,2021-03-16 15:24:53.000257492,neutral,secondary,50.0,3.0,2021-03-18T09:13:00+00:00,Mostly cloudy,3.1,5.3,76,0.0,1.0,117.0
336,2021-03-16 15:24:54.000264406,48.49792415624886,9.204757049543606,372.9471126710996,4.404585827734594,,,,,,,,,,2021-03-16 15:24:54.000264406,neutral,secondary,50.0,3.0,2021-03-18T09:13:00+00:00,Mostly cloudy,3.1,5.3,76,0.0,1.0,117.0
337,2021-03-16 15:24:55.000273228,48.49790370911642,9.20477872379882,372.965364468284,2.6097872433733977,,,,,,,,,,2021-03-16 15:24:55.000273228,neutral,secondary,50.0,3.0,2021-03-18T09:13:00+00:00,Mostly cloudy,3.1,5.3,76,0.0,1.0,117.0
338,2021-03-16 15:24:56.000281334,48.49789526064863,9.204779043688877,373.0986296106131,0.0,,,,,,,,,,2021-03-16 15:24:56.000281334,neutral,secondary,50.0,3.0,2021-03-18T09:13:00+00:00,Mostly cloudy,3.1,5.3,76,0.0,1.0,117.0
339,2021-03-16 15:24:57.000289679,48.49788828916152,9.204778301976297,373.25375107023865,0.0,,,,,,,,,,2021-03-16 15:24:57.000289679,neutral,secondary,50.0,3.0,2021-03-18T09:13:00+00:00,Mostly cloudy,3.1,5.3,76,0.0,1.0,117.0
340,2021-03-16 15:24:58.000296116,48.497881423279544,9.204776366101186,373.5442606071009,0.0,,,,,,,,,,2021-03-16 15:24:58.000296116,neutral,secondary,50.0,3.0,2021-03-18T09:13:00+00:00,Mostly cloudy,3.1,5.3,76,0.0,1.0,117.0
341,2021-03-16 15:24:59.000305414,48.4978751208785,9.204777001662563,373.59287060704077,0.0,,,,,,,,,,2021-03-16 15:24:59.000305414,neutral,secondary,50.0,3.0,2021-03-18T09:13:00+00:00,Mostly cloudy,3.1,5.3,76,0.0,1.0,117.0
342,2021-03-16 15:25:00.000314474,48.49787199121198,9.204771840863499,373.59340213798,0.0,,,,,,,,,,2021-03-16 15:25:00.000314474,neutral,secondary,50.0,3.0,2021-03-18T09:13:00+00:00,Mostly cloudy,3.1,5.3,76,0.0,1.0,117.0
343,2021-03-16 15:25:01.000321388,48.49786966020371,9.204770623322185,373.6363937305287,0.0,,,,,,,,,,2021-03-16 15:25:01.000321388,neutral,secondary,50.0,3.0,2021-03-18T09:13:00+00:00,Mostly cloudy,3.1,5.3,76,0.0,1.0,117.0
344,2021-03-16 15:25:02.000330448,48.497869298422366,9.2047716712441,373.5405771629885,0.0,,,,,,,,,,2021-03-16 15:25:02.000330448,neutral,secondary,50.0,3.0,2021-03-18T09:13:00+00:00,Mostly cloudy,3.1,5.3,76,0.0,1.0,117.0
345,2021-03-16 15:25:03.000337124,48.497869298422366,9.2047716712441,373.5405771629885,0.0,,,,,,,,,,2021-03-16 15:25:03.000337124,neutral,secondary,50.0,3.0,2021-03-18T09:13:00+00:00,Mostly cloudy,3.1,5.3,76,0.0,1.0,117.0
346,2021-03-16 15:25:04.000346184,48.497869298422366,9.2047716712441,373.5405771629885,0.0,,,,,,,,,,2021-03-16 15:25:04.000346184,neutral,secondary,50.0,3.0,2021-03-18T09:13:00+00:00,Mostly cloudy,3.1,5.3,76,0.0,1.0,117.0
347,2021-03-16 15:25:05.000353098,48.497869298422366,9.2047716712441,373.5405771629885,0.0,,,,,,,,,,2021-03-16 15:25:05.000353098,neutral,secondary,50.0,3.0,2021-03-18T09:13:00+00:00,Mostly cloudy,3.1,5.3,76,0.0,1.0,117.0
348,2021-03-16 15:25:06.000360489,48.497869298422366,9.2047716712441,373.5405771629885,0.0,,,,,,,,,,2021-03-16 15:25:06.000360489,neutral,secondary,50.0,3.0,2021-03-18T09:13:00+00:00,Mostly cloudy,3.1,5.3,76,0.0,1.0,117.0
349,2021-03-16 15:25:07.000369787,48.497869298422366,9.2047716712441,373.5405771629885,0.0,,,,,,,,,,2021-03-16 15:25:07.000369787,neutral,secondary,50.0,3.0,2021-03-18T09:13:00+00:00,Mostly cloudy,3.1,5.3,76,0.0,1.0,117.0
350,2021-03-16 15:25:08.000376225,48.497869298422366,9.2047716712441,373.5405771629885,0.0,,,,,,,,,,2021-03-16 15:25:08.000376225,neutral,secondary,50.0,3.0,2021-03-18T09:13:00+00:00,Mostly cloudy,3.1,5.3,76,0.0,1.0,117.0
351,2021-03-16 15:25:09.000386953,48.497869298422366,9.2047716712441,373.5405771629885,0.0,,,,,,,,,,2021-03-16 15:25:09.000386953,neutral,secondary,50.0,3.0,2021-03-18T09:13:00+00:00,Mostly cloudy,3.1,5.3,76,0.0,1.0,117.0
352,2021-03-16 15:25:10.000392914,48.497869298422366,9.2047716712441,373.5405771629885,0.0,,,,,,,,,,2021-03-16 15:25:10.000392914,neutral,secondary,50.0,3.0,2021-03-18T09:13:00+00:00,Mostly cloudy,3.1,5.3,76,0.0,1.0,117.0
353,2021-03-16 15:25:11.000402451,48.497869298422366,9.2047716712441,373.5405771629885,0.0,,,,,,,,,,2021-03-16 15:25:11.000402451,neutral,secondary,50.0,3.0,2021-03-18T09:13:00+00:00,Mostly cloudy,3.1,5.3,76,0.0,1.0,117.0
354,2021-03-16 15:25:12.000409842,48.497869298422366,9.2047716712441,373.5405771629885,0.0,,,,,,,,,,2021-03-16 15:25:12.000409842,neutral,secondary,50.0,3.0,2021-03-18T09:13:00+00:00,Mostly cloudy,3.1,5.3,76,0.0,1.0,117.0
355,2021-03-16 15:25:13.000418663,48.497869298422366,9.2047716712441,373.5405771629885,0.0,,,,,,,,,,2021-03-16 15:25:13.000418663,neutral,secondary,50.0,3.0,2021-03-18T09:13:00+00:00,Mostly cloudy,3.1,5.3,76,0.0,1.0,117.0
356,2021-03-16 15:25:14.000425816,48.497869298422366,9.2047716712441,373.5405771629885,0.0,,,,,,,,,,2021-03-16 15:25:14.000425816,neutral,secondary,50.0,3.0,2021-03-18T09:13:00+00:00,Mostly cloudy,3.1,5.3,76,0.0,1.0,117.0
357,2021-03-16 15:25:15.000437737,48.497869298422366,9.2047716712441,373.5405771629885,0.0,,,,,,,,,,2021-03-16 15:25:15.000437737,neutral,secondary,50.0,3.0,2021-03-18T09:13:00+00:00,Mostly cloudy,3.1,5.3,76,0.0,1.0,117.0
358,2021-03-16 15:25:16.000442266,48.497869298422366,9.2047716712441,373.5405771629885,0.0,,,,,,,,,,2021-03-16 15:25:16.000442266,neutral,secondary,50.0,3.0,2021-03-18T09:13:00+00:00,Mostly cloudy,3.1,5.3,76,0.0,1.0,117.0
359,2021-03-16 15:25:17.000450850,48.497869298422366,9.2047716712441,373.5405771629885,0.0,,,,,,,,,,2021-03-16 15:25:17.000450850,neutral,secondary,50.0,3.0,2021-03-18T09:13:00+00:00,Mostly cloudy,3.1,5.3,76,0.0,1.0,117.0
360,2021-03-16 15:25:18.000458241,48.497869298422366,9.2047716712441,373.5405771629885,0.0,,,,,,,,,,2021-03-16 15:25:18.000458241,neutral,secondary,50.0,3.0,2021-03-18T09:13:00+00:00,Mostly cloudy,3.1,5.3,76,0.0,1.0,117.0
361,2021-03-16 15:25:19.000467300,48.497869298422366,9.2047716712441,373.5405771629885,0.0,,,,,,,,,,2021-03-16 15:25:19.000467300,neutral,secondary,50.0,3.0,2021-03-18T09:13:00+00:00,Mostly cloudy,3.1,5.3,76,0.0,1.0,117.0
362,2021-03-16 15:25:20.000473261,48.49784204796028,9.204769463244782,372.70823624171317,0.0,,,,,,,,,,2021-03-16 15:25:20.000473261,neutral,secondary,50.0,3.0,2021-03-18T09:13:00+00:00,Mostly cloudy,3.1,5.3,76,0.0,1.0,117.0
363,2021-03-16 15:25:21.000483990,48.497808725261905,9.204787187776821,372.6871577119455,2.9082082432943457,,,,,,,,,,2021-03-16 15:25:21.000483990,neutral,secondary,50.0,3.0,2021-03-18T09:13:00+00:00,Mostly cloudy,3.1,5.3,76,0.0,1.0,117.0
364,2021-03-16 15:25:22.000489235,48.4977706295111,9.204809571697638,372.6769012641162,4.211523675419916,,,,,,,,,,2021-03-16 15:25:22.000489235,neutral,secondary,50.0,3.0,2021-03-18T09:13:00+00:00,Mostly cloudy,3.1,5.3,76,0.0,1.0,117.0
365,2021-03-16 15:25:23.000497341,48.49772338199431,9.204835938887863,372.6903168419377,5.3742783040646085,,,,,,,,,,2021-03-16 15:25:23.000497341,neutral,secondary,50.0,3.0,2021-03-18T09:13:00+00:00,Mostly cloudy,3.1,5.3,76,0.0,1.0,117.0
366,2021-03-16 15:25:24.000507355,48.49767493983399,9.204864366539576,372.66696862969553,5.596797783078554,,,,,,,,,,2021-03-16 15:25:24.000507355,neutral,secondary,50.0,3.0,2021-03-18T09:13:00+00:00,Mostly cloudy,3.1,5.3,76,0.0,1.0,117.0
367,2021-03-16 15:25:25.000514507,48.49762138677292,9.204898826960717,372.729510367848,6.501342285000776,,,,,,,,,,2021-03-16 15:25:25.000514507,neutral,steps,,,2021-03-18T09:13:00+00:00,Mostly cloudy,3.1,5.3,76,0.0,1.0,117.0
368,2021-03-16 15:25:26.000524044,48.49756043006818,9.204935866553747,372.78034056443715,7.178491877027326,,,,,,,,,,2021-03-16 15:25:26.000524044,neutral,steps,,,2021-03-18T09:13:00+00:00,Mostly cloudy,3.1,5.3,76,0.0,1.0,117.0
369,2021-03-16 15:25:27.000532150,48.49749046162365,9.20497728584118,372.937237485312,8.197735217778078,,,,,,,,,,2021-03-16 15:25:27.000532150,neutral,steps,,,2021-03-18T09:13:00+00:00,Mostly cloudy,3.1,5.3,76,0.0,1.0,117.0
370,2021-03-16 15:25:28.000539303,48.497410602518364,9.205012709741565,373.0706233792006,9.063465158323666,,,,,,,,,,2021-03-16 15:25:28.000539303,neutral,secondary,50.0,2.0,2021-03-18T09:13:00+00:00,Mostly cloudy,3.1,5.3,76,0.0,1.0,117.0
371,2021-03-16 15:25:29.003385067,48.497410602518364,9.205012709741565,373.0706233792006,9.063465158323666,,,,,,,,,,2021-03-16 15:25:29.003385067,neutral,secondary,50.0,2.0,2021-03-18T09:13:00+00:00,Mostly cloudy,3.1,5.3,76,0.0,1.0,117.0
372,2021-03-16 15:25:30.044314861,48.49732494381586,9.205040102839893,373.1430241540073,9.559028058675846,,,,,,,,,,2021-03-16 15:25:30.044314861,neutral,secondary,50.0,2.0,2021-03-18T09:13:00+00:00,Mostly cloudy,3.1,5.3,76,0.0,1.0,117.0
373,2021-03-16 15:25:31.064937115,48.49723506778616,9.205064653608147,373.26975116692483,10.122315788603707,,,,,,,,,,2021-03-16 15:25:31.064937115,neutral,secondary,50.0,4.0,2021-03-18T09:13:00+00:00,Mostly cloudy,3.1,5.3,76,0.0,1.0,117.0
374,2021-03-16 15:25:32.006638050,48.49714141518111,9.205087455325707,373.26291973609483,10.436008016143758,,,,,,,,,,2021-03-16 15:25:32.006638050,neutral,secondary,50.0,4.0,2021-03-18T09:13:00+00:00,Mostly cloudy,3.1,5.3,76,0.0,1.0,117.0
375,2021-03-16 15:25:33.022053003,48.49705167519558,9.205127821380996,373.35718437749887,10.366916946673165,,,,,,,,,,2021-03-16 15:25:33.022053003,neutral,secondary,50.0,4.0,2021-03-18T09:13:00+00:00,Mostly cloudy,3.1,5.3,76,0.0,1.0,117.0
376,2021-03-16 15:25:34.053218842,48.49696327667151,9.205191397202068,373.4444446507841,10.764268513915694,,,,,,,,,,2021-03-16 15:25:34.053218842,neutral,footway,,,2021-03-18T09:13:00+00:00,Mostly cloudy,3.1,5.3,76,0.0,1.0,117.0
377,2021-03-16 15:25:35.056346893,48.49687586314303,9.205273132070527,373.5712932869792,11.325927117124412,,,,,,,,,,2021-03-16 15:25:35.056346893,neutral,footway,,,2021-03-18T09:13:00+00:00,Mostly cloudy,3.1,5.3,76,0.0,1.0,117.0
378,2021-03-16 15:25:36.047219992,48.49678986371498,9.205355115568704,373.731555884704,11.492659295032167,,,,,,,,,,2021-03-16 15:25:36.047219992,neutral,footway,,,2021-03-18T09:13:00+00:00,Mostly cloudy,3.1,5.3,76,0.0,1.0,117.0
379,2021-03-16 15:25:37.031380177,48.496699069464604,9.205431862947432,373.873978599906,11.544174952514961,,,,,,,,,,2021-03-16 15:25:37.031380177,neutral,footway,,,2021-03-18T09:13:00+00:00,Mostly cloudy,3.1,5.3,76,0.0,1.0,117.0
380,2021-03-16 15:25:38.064127922,48.4966107132881,9.205510605008557,373.8815257921815,11.62342101521015,,,,,,,,,,2021-03-16 15:25:38.064127922,neutral,secondary,50.0,,2021-03-18T09:13:00+00:00,Mostly cloudy,3.1,5.3,76,0.0,1.0,117.0
381,2021-03-16 15:25:39.086292982,48.496518582587825,9.205576896496495,374.02666081860673,11.63005024344512,,,,,,,,,,2021-03-16 15:25:39.086292982,neutral,secondary,50.0,,2021-03-18T09:13:00+00:00,Mostly cloudy,3.1,5.3,76,0.0,1.0,117.0
382,2021-03-16 15:25:40.099173069,48.49642640540516,9.205636572845911,374.28401404619217,11.444294981458954,,,,,,,,,,2021-03-16 15:25:40.099173069,neutral,secondary,50.0,,2021-03-18T09:13:00+00:00,Mostly cloudy,3.1,5.3,76,0.0,1.0,117.0
383,2021-03-16 15:25:41.115365028,48.49633052035005,9.205690074747032,373.4664409048855,11.243534915953912,,,,,,,,,,2021-03-16 15:25:41.115365028,neutral,secondary,50.0,5.0,2021-03-18T09:13:00+00:00,Mostly cloudy,3.1,5.3,76,0.0,1.0,117.0
384,2021-03-16 15:25:43.000658989,48.496049166218995,9.205790086300752,374.6317169126123,10.643247775015682,,,,,,,,,,2021-03-16 15:25:43.000658989,neutral,secondary,50.0,4.0,2021-03-18T09:13:00+00:00,Mostly cloudy,3.1,5.3,76,0.0,1.0,117.0
385,2021-03-16 15:25:44.000699043,48.49595553596365,9.205805595563683,374.89208162482834,10.547365583790803,,,,,,,,,,2021-03-16 15:25:44.000699043,neutral,secondary,50.0,4.0,2021-03-18T09:13:00+00:00,Mostly cloudy,3.1,5.3,76,0.0,1.0,117.0
386,2021-03-16 15:25:45.000676632,48.49586931248165,9.205809809748787,374.8977863322944,10.39906166974119,,,,,,,,,,2021-03-16 15:25:45.000676632,neutral,secondary,50.0,4.0,2021-03-18T09:13:00+00:00,Mostly cloudy,3.1,5.3,76,0.0,1.0,117.0
387,2021-03-16 15:25:46.000684261,48.49578446804525,9.205809172649724,375.2110475040972,10.280952000196322,,,,,,,,,,2021-03-16 15:25:46.000684261,neutral,secondary,50.0,4.0,2021-03-18T09:13:00+00:00,Mostly cloudy,3.1,5.3,76,0.0,1.0,117.0
388,2021-03-16 15:25:47.000691891,48.495700240703,9.205793976270973,375.71764741837984,10.220735621467641,,,,,,,,,,2021-03-16 15:25:47.000691891,neutral,secondary,50.0,4.0,2021-03-18T09:13:00+00:00,Mostly cloudy,3.1,5.3,76,0.0,1.0,117.0
389,2021-03-16 15:25:48.000699997,48.49561006567347,9.205758882645057,376.0234686620534,10.292106172533646,,,,,,,,,,2021-03-16 15:25:48.000699997,neutral,secondary,50.0,4.0,2021-03-18T09:13:00+00:00,Mostly cloudy,3.1,5.3,76,0.0,1.0,117.0
390,2021-03-16 15:25:49.000709534,48.49552723146951,9.205715630871481,375.9549069330096,10.260453932028149,,,,,,,,,,2021-03-16 15:25:49.000709534,neutral,secondary,50.0,2.0,2021-03-18T09:13:00+00:00,Mostly cloudy,3.1,5.3,76,0.0,1.0,117.0
391,2021-03-16 15:25:50.000751972,48.495433546055224,9.205655463297107,376.0907931206749,10.415462892231279,,,,,,,,,,2021-03-16 15:25:50.000751972,neutral,secondary,50.0,2.0,2021-03-18T09:13:00+00:00,Mostly cloudy,3.1,5.3,76,0.0,1.0,117.0
392,2021-03-16 15:25:51.000725269,48.49534261320854,9.20560233516972,375.86091002169997,10.46767951366579,,,,,,,,,,2021-03-16 15:25:51.000725269,neutral,residential,30.0,,2021-03-18T09:13:00+00:00,Mostly cloudy,3.1,5.3,76,0.0,1.0,117.0
393,2021-03-16 15:25:52.000733137,48.49525204169762,9.20555428772465,375.8050282038748,10.308689507242233,,,,,,,,,,2021-03-16 15:25:52.000733137,neutral,residential,30.0,,2021-03-18T09:13:00+00:00,Mostly cloudy,3.1,5.3,76,0.0,1.0,117.0
394,2021-03-16 15:25:53.000741005,48.49515849061493,9.20552650266065,375.94318437203765,10.177727421723134,,,,,,,,,,2021-03-16 15:25:53.000741005,neutral,residential,30.0,,2021-03-18T09:13:00+00:00,Mostly cloudy,3.1,5.3,76,0.0,1.0,117.0
395,2021-03-16 15:25:54.000748634,48.49507326250056,9.205527787817882,376.16081737074995,10.020026289563802,,,,,,,,,,2021-03-16 15:25:54.000748634,neutral,residential,30.0,,2021-03-18T09:13:00+00:00,Mostly cloudy,3.1,5.3,76,0.0,1.0,117.0
396,2021-03-16 15:25:54.999642849,48.494985994252865,9.205539909527477,376.23037900496274,10.071470512141717,,,,,,,,,,2021-03-16 15:25:54.999642849,neutral,residential,30.0,,2021-03-18T09:13:00+00:00,Mostly cloudy,3.1,5.3,76,0.0,1.0,117.0
397,2021-03-16 15:25:55.999649525,48.49490109535703,9.205563735444107,375.79459663108,9.995205879148292,,,,,,,,,,2021-03-16 15:25:55.999649525,neutral,residential,30.0,,2021-03-18T09:13:00+00:00,Mostly cloudy,3.1,5.3,76,0.0,1.0,117.0
398,2021-03-16 15:25:56.999641180,48.49481737668705,9.205586988993504,375.7332759462297,9.86066618383827,,,,,,,,,,2021-03-16 15:25:56.999641180,neutral,residential,30.0,,2021-03-18T09:13:00+00:00,Mostly cloudy,3.1,5.3,76,0.0,1.0,117.0
399,2021-03-16 15:25:57.999696970,48.49473418907888,9.205613523448626,376.0610081637278,9.732501439255532,,,,,,,,,,2021-03-16 15:25:57.999696970,neutral,residential,30.0,,2021-03-18T09:13:00+00:00,Mostly cloudy,3.1,5.3,76,0.0,1.0,117.0
400,2021-03-16 15:25:58.999650478,48.49465441041546,9.205639553433725,375.9501352934167,9.508317709382784,,,,,,,,,,2021-03-16 15:25:58.999650478,neutral,secondary,50.0,2.0,2021-03-18T09:13:00+00:00,Mostly cloudy,3.1,5.3,76,0.0,1.0,117.0
401,2021-03-16 15:25:59.999668121,48.49457553273878,9.205664492176911,376.27960254997015,9.313359407988658,,,,,,,,,,2021-03-16 15:25:59.999668121,neutral,secondary,50.0,2.0,2021-03-18T09:13:00+00:00,Mostly cloudy,3.1,5.3,76,0.0,1.0,117.0
402,2021-03-16 15:26:00.999660492,48.49449710539518,9.205695530249733,375.95653896685684,9.170153569789296,,,,,,,,,,2021-03-16 15:26:00.999660492,neutral,secondary,50.0,2.0,2021-03-18T09:13:00+00:00,Mostly cloudy,3.1,5.3,76,0.0,1.0,117.0
403,2021-03-16 15:26:01.999675751,48.4944218246931,9.205720350718652,375.7923202598468,8.537980639062596,,,,,,,,,,2021-03-16 15:26:01.999675751,neutral,secondary,50.0,2.0,2021-03-18T09:13:00+00:00,Mostly cloudy,3.1,5.3,76,0.0,1.0,117.0
404,2021-03-16 15:26:02.999670029,48.494351064003105,9.205737123299619,375.8606947911903,7.853930370934893,,,,,,,,,,2021-03-16 15:26:02.999670029,neutral,secondary,50.0,2.0,2021-03-18T09:13:00+00:00,Mostly cloudy,3.1,5.3,76,0.0,1.0,117.0
405,2021-03-16 15:26:03.999679327,48.494281254272,9.20575339000399,375.78924778848886,7.559415490359234,,,,,,,,,,2021-03-16 15:26:03.999679327,neutral,secondary,50.0,2.0,2021-03-18T09:13:00+00:00,Mostly cloudy,3.1,5.3,76,0.0,1.0,117.0
406,2021-03-16 15:26:04.999668121,48.49422066409679,9.205773388681022,375.7999529847875,7.054251177951253,,,,,,,,,,2021-03-16 15:26:04.999668121,neutral,secondary,50.0,2.0,2021-03-18T09:13:00+00:00,Mostly cloudy,3.1,5.3,76,0.0,1.0,117.0
407,2021-03-16 15:26:05.999677420,48.494174046746785,9.205794374866034,375.5590097662062,5.979606390523572,,,,,,,,,,2021-03-16 15:26:05.999677420,neutral,secondary,50.0,2.0,2021-03-18T09:13:00+00:00,Mostly cloudy,3.1,5.3,76,0.0,1.0,117.0
408,2021-03-16 15:26:06.999665022,48.494129989043714,9.205806750558068,375.3542306842282,4.867466131656137,,,,,,,,,,2021-03-16 15:26:06.999665022,neutral,tertiary,50.0,,2021-03-18T09:13:00+00:00,Mostly cloudy,3.1,5.3,76,0.0,1.0,117.0
409,2021-03-16 15:26:07.999675751,48.494087467133646,9.205779632323377,375.65160247776663,4.436446770030046,,,,,,,,,,2021-03-16 15:26:07.999675751,neutral,tertiary,50.0,,2021-03-18T09:13:00+00:00,Mostly cloudy,3.1,5.3,76,0.0,1.0,117.0
410,2021-03-16 15:26:08.999665737,48.49405061482311,9.205740879895457,375.96746817138046,4.769443402977879,,,,,,,,,,2021-03-16 15:26:08.999665737,neutral,tertiary,50.0,,2021-03-18T09:13:00+00:00,Mostly cloudy,3.1,5.3,76,0.0,1.0,117.0
411,2021-03-16 15:26:09.999676228,48.494024124403744,9.205649462104141,376.4136213771998,5.935361343375303,,,,,,,,,,2021-03-16 15:26:09.999676228,neutral,tertiary,30.0,4.0,2021-03-18T09:13:00+00:00,Mostly cloudy,3.1,5.3,76,0.0,1.0,117.0
412,2021-03-16 15:26:10.999663353,48.49400346830792,9.205530337631313,376.5211869152263,7.783956817635225,,,,,,,,,,2021-03-16 15:26:10.999663353,neutral,tertiary,30.0,4.0,2021-03-18T09:13:00+00:00,Mostly cloudy,3.1,5.3,76,0.0,1.0,117.0
413,2021-03-16 15:26:11.999674320,48.493981255180685,9.205428263253292,377.228760949336,8.082246022649137,,,,,,,,,,2021-03-16 15:26:11.999674320,neutral,tertiary,30.0,4.0,2021-03-18T09:13:00+00:00,Mostly cloudy,3.1,5.3,76,0.0,1.0,117.0
414,2021-03-16 15:26:12.999666691,48.49395640007085,9.205340807123806,377.17576588317746,6.452927302023111,,,,,,,,,,2021-03-16 15:26:12.999666691,neutral,tertiary,30.0,4.0,2021-03-18T09:13:00+00:00,Mostly cloudy,3.1,5.3,76,0.0,1.0,117.0
415,2021-03-16 15:26:13.999680996,48.49393627080495,9.205285545198636,377.2614460801706,4.388718199113947,,,,,,,,,,2021-03-16 15:26:13.999680996,neutral,tertiary,30.0,4.0,2021-03-18T09:13:00+00:00,Mostly cloudy,3.1,5.3,76,0.0,1.0,117.0
416,2021-03-16 15:26:14.999696732,48.493924947831204,9.205251586033684,377.0442850179969,2.8613751617471537,,,,,,,,,,2021-03-16 15:26:14.999696732,neutral,tertiary,30.0,4.0,2021-03-18T09:13:00+00:00,Mostly cloudy,3.1,5.3,76,0.0,1.0,117.0
417,2021-03-16 15:26:15.999710321,48.49392026354646,9.205228653888923,376.7137051010503,1.7991678499789348,,,,,,,,,,2021-03-16 15:26:15.999710321,neutral,tertiary,30.0,4.0,2021-03-18T09:13:00+00:00,Mostly cloudy,3.1,5.3,76,0.0,1.0,117.0
418,2021-03-16 15:26:17.391111851,48.49391878380339,9.205220489949156,377.12499331217276,0.0,,,,,,,,,,2021-03-16 15:26:17.391111851,neutral,tertiary,30.0,4.0,2021-03-18T09:13:00+00:00,Mostly cloudy,3.1,5.3,76,0.0,1.0,117.0
419,2021-03-16 15:26:17.999737263,48.493916048710396,9.20520255464723,376.71448408346635,0.0,,,,,,,,,,2021-03-16 15:26:17.999737263,neutral,tertiary,30.0,4.0,2021-03-18T09:13:00+00:00,Mostly cloudy,3.1,5.3,76,0.0,1.0,117.0
420,2021-03-16 15:26:18.999751568,48.49391350429534,9.205189761687814,376.750580009073,0.0,,,,,,,,,,2021-03-16 15:26:18.999751568,neutral,tertiary,30.0,4.0,2021-03-18T09:13:00+00:00,Mostly cloudy,3.1,5.3,76,0.0,1.0,117.0
421,2021-03-16 15:26:19.999763966,48.49390904287057,9.205169779086946,376.90455887001013,0.0,,,,,,,,,,2021-03-16 15:26:19.999763966,neutral,tertiary,30.0,4.0,2021-03-18T09:13:00+00:00,Mostly cloudy,3.1,5.3,76,0.0,1.0,117.0
422,2021-03-16 15:26:20.999777317,48.493891277801794,9.205117469394576,377.6558872098103,3.4001178114299857,,,,,,,,,,2021-03-16 15:26:20.999777317,neutral,tertiary,30.0,,2021-03-18T09:13:00+00:00,Mostly cloudy,3.1,5.3,76,0.0,1.0,117.0
423,2021-03-16 15:26:21.999789238,48.49387085940684,9.205044772245428,377.55987484101206,5.298314532474635,,,,,,,,,,2021-03-16 15:26:21.999789238,neutral,tertiary,30.0,,2021-03-18T09:13:00+00:00,Mostly cloudy,3.1,5.3,76,0.0,1.0,117.0
424,2021-03-16 15:26:22.999802589,48.493845026375006,9.204951404732624,377.8692233255133,7.034747833780937,,,,,,,,,,2021-03-16 15:26:22.999802589,neutral,service,,,2021-03-18T09:13:00+00:00,Mostly cloudy,3.1,5.3,76,0.0,1.0,117.0
425,2021-03-16 15:26:23.999815941,48.49382217136514,9.204866303876097,378.0160336019471,7.011336500387581,,,,,,,,,,2021-03-16 15:26:23.999815941,neutral,service,,,2021-03-18T09:13:00+00:00,Mostly cloudy,3.1,5.3,76,0.0,1.0,117.0
426,2021-03-16 15:26:24.999826431,48.49379672106142,9.204768300032534,378.05284143425524,7.741916440556303,,,,,,,,,,2021-03-16 15:26:24.999826431,neutral,service,,,2021-03-18T09:13:00+00:00,Mostly cloudy,3.1,5.3,76,0.0,1.0,117.0
427,2021-03-16 15:26:25.999835968,48.49376560891486,9.204656271286836,378.1142238089815,8.96618190017538,,,,,,,,,,2021-03-16 15:26:25.999835968,neutral,service,,,2021-03-18T09:13:00+00:00,Mostly cloudy,3.1,5.3,76,0.0,1.0,117.0
428,2021-03-16 15:26:26.999847651,48.49373584536682,9.204521792476797,378.49123527389014,10.087705490536301,,,,,,,,,,2021-03-16 15:26:26.999847651,neutral,service,,,2021-03-18T09:13:00+00:00,Mostly cloudy,3.1,5.3,76,0.0,1.0,117.0
429,2021-03-16 15:26:27.999859095,48.49370498571386,9.204382196522355,379.00620993040496,10.749421578753324,,,,,,,,,,2021-03-16 15:26:27.999859095,neutral,service,,,2021-03-18T09:13:00+00:00,Mostly cloudy,3.1,5.3,76,0.0,1.0,117.0
430,2021-03-16 15:26:28.999871731,48.49366454858928,9.204245568688693,378.87096947897226,10.941268223691047,,,,,,,,,,2021-03-16 15:26:28.999871731,neutral,service,,,2021-03-18T09:13:00+00:00,Mostly cloudy,3.1,5.3,76,0.0,1.0,117.0
431,2021-03-16 15:26:29.999881029,48.49362844456939,9.204113989781312,378.7455788441002,10.931517874395444,,,,,,,,,,2021-03-16 15:26:29.999881029,neutral,service,,,2021-03-18T09:13:00+00:00,Mostly cloudy,3.1,5.3,76,0.0,1.0,117.0
432,2021-03-16 15:26:30.999893665,48.49358866901368,9.203977909090574,379.1747885793448,11.105779145886547,,,,,,,,,,2021-03-16 15:26:30.999893665,neutral,service,,,2021-03-18T09:13:00+00:00,Mostly cloudy,3.1,5.3,76,0.0,1.0,117.0
433,2021-03-16 15:26:31.999904633,48.493548320563754,9.203835393123224,379.1944457776845,11.358014846000815,,,,,,,,,,2021-03-16 15:26:31.999904633,neutral,service,,,2021-03-18T09:13:00+00:00,Mostly cloudy,3.1,5.3,76,0.0,1.0,117.0
434,2021-03-16 15:26:32.999914646,48.493509879486844,9.203683940030817,379.21959183830774,11.822455326030187,,,,,,,,,,2021-03-16 15:26:32.999914646,neutral,residential,30.0,,2021-03-18T09:13:00+00:00,Mostly cloudy,3.1,5.3,76,0.0,1.0,117.0
435,2021-03-16 15:26:33.999924898,48.493470366543214,9.203527319722475,379.5013871677221,12.213885800138266,,,,,,,,,,2021-03-16 15:26:33.999924898,neutral,residential,30.0,,2021-03-18T09:13:00+00:00,Mostly cloudy,3.1,5.3,76,0.0,1.0,117.0
436,2021-03-16 15:26:34.999934435,48.493427058375104,9.203367272859893,379.6578630059957,12.492114951066721,,,,,,,,,,2021-03-16 15:26:34.999934435,neutral,tertiary,30.0,2.0,2021-03-18T09:13:00+00:00,Mostly cloudy,3.1,5.3,76,0.0,1.0,117.0
437,2021-03-16 15:26:35.999944925,48.49338180231774,9.203210140507073,379.268742678687,12.59359956631164,,,,,,,,,,2021-03-16 15:26:35.999944925,neutral,tertiary,30.0,2.0,2021-03-18T09:13:00+00:00,Mostly cloudy,3.1,5.3,76,0.0,1.0,117.0
438,2021-03-16 15:26:36.999953747,48.49333868402997,9.203051808281804,379.27618382498616,12.742565008279762,,,,,,,,,,2021-03-16 15:26:36.999953747,neutral,tertiary,30.0,2.0,2021-03-18T09:13:00+00:00,Mostly cloudy,3.1,5.3,76,0.0,1.0,117.0
439,2021-03-16 15:26:37.999964952,48.49329472640576,9.202893601603213,379.25176479946816,12.907777537803053,,,,,,,,,,2021-03-16 15:26:37.999964952,neutral,tertiary,30.0,2.0,2021-03-18T09:13:00+00:00,Mostly cloudy,3.1,5.3,76,0.0,1.0,117.0
440,2021-03-16 15:26:38.999974728,48.49325418289335,9.202725597340317,379.3615892119706,13.045602126247568,,,,,,,,,,2021-03-16 15:26:38.999974728,neutral,tertiary,30.0,2.0,2021-03-18T09:13:00+00:00,Mostly cloudy,3.1,5.3,76,0.0,1.0,117.0
441,2021-03-16 15:26:39.999984026,48.49320816026965,9.202564440076422,379.1082704588771,12.955783374538026,,,,,,,,,,2021-03-16 15:26:39.999984026,neutral,tertiary,30.0,2.0,2021-03-18T09:13:00+00:00,Mostly cloudy,3.1,5.3,76,0.0,1.0,117.0
442,2021-03-16 15:26:40.999994516,48.49316158109156,9.202405061310543,378.9583358317614,12.760852161841132,,,,,,,,,,2021-03-16 15:26:40.999994516,neutral,tertiary,30.0,2.0,2021-03-18T09:13:00+00:00,Mostly cloudy,3.1,5.3,76,0.0,1.0,117.0
443,2021-03-16 15:26:42.000003338,48.49311515383131,9.202249575769844,378.5594679359346,12.550668384445405,,,,,,,,,,2021-03-16 15:26:42.000003338,neutral,footway,,,2021-03-18T09:13:00+00:00,Mostly cloudy,3.1,5.3,76,0.0,1.0,117.0
444,2021-03-16 15:26:43.000013113,48.49306997848237,9.202097580743347,378.1680152323097,12.34236428481716,,,,,,,,,,2021-03-16 15:26:43.000013113,neutral,footway,,,2021-03-18T09:13:00+00:00,Mostly cloudy,3.1,5.3,76,0.0,1.0,117.0
445,2021-03-16 15:26:44.000024319,48.49302811271365,9.201946395417153,377.96806373912835,12.100121279884398,,,,,,,,,,2021-03-16 15:26:44.000024319,neutral,steps,,,2021-03-18T09:13:00+00:00,Mostly cloudy,3.1,5.3,76,0.0,1.0,117.0
446,2021-03-16 15:26:45.000032425,48.49298505527417,9.201803305976826,378.14565689023584,11.804359811554713,,,,,,,,,,2021-03-16 15:26:45.000032425,neutral,tertiary,30.0,2.0,2021-03-18T09:13:00+00:00,Mostly cloudy,3.1,5.3,76,0.0,1.0,117.0
447,2021-03-16 15:26:46.000042439,48.492942081350854,9.201660892055337,377.81236338056624,11.590296090888081,,,,,,,,,,2021-03-16 15:26:46.000042439,neutral,tertiary,30.0,2.0,2021-03-18T09:13:00+00:00,Mostly cloudy,3.1,5.3,76,0.0,1.0,117.0
448,2021-03-16 15:26:47.000051975,48.492901556238614,9.201523499523752,377.5631154831499,11.33324940478888,,,,,,,,,,2021-03-16 15:26:47.000051975,neutral,tertiary,30.0,2.0,2021-03-18T09:13:00+00:00,Mostly cloudy,3.1,5.3,76,0.0,1.0,117.0
449,2021-03-16 15:26:48.002808094,48.492901556238614,9.201523499523752,377.5631154831499,11.33324940478888,,,,,,,,,,2021-03-16 15:26:48.002808094,neutral,tertiary,30.0,2.0,2021-03-18T09:13:00+00:00,Mostly cloudy,3.1,5.3,76,0.0,1.0,117.0
450,2021-03-16 15:26:49.003597975,48.492863073879526,9.201398185380759,377.07139424886566,10.277042350608069,,,,,,,,,,2021-03-16 15:26:49.003597975,neutral,tertiary,30.0,2.0,2021-03-18T09:13:00+00:00,Mostly cloudy,3.1,5.3,76,0.0,1.0,117.0
451,2021-03-16 15:26:50.224357128,48.4928025288902,9.201181899617524,376.5383220007643,8.111103532272015,,,,,,,,,,2021-03-16 15:26:50.224357128,neutral,tertiary,30.0,2.0,2021-03-18T09:13:00+00:00,Mostly cloudy,3.1,5.3,76,0.0,1.0,117.0
452,2021-03-16 15:26:51.040605068,48.4928025288902,9.201181899617524,376.5383220007643,8.111103532272015,,,,,,,,,,2021-03-16 15:26:51.040605068,neutral,tertiary,30.0,2.0,2021-03-18T09:13:00+00:00,Mostly cloudy,3.1,5.3,76,0.0,1.0,117.0
453,2021-03-16 15:26:52.065386057,48.49280266156428,9.201073191056807,376.455257547088,7.9813218842129245,,,,,,,,,,2021-03-16 15:26:52.065386057,neutral,tertiary,30.0,2.0,2021-03-18T09:13:00+00:00,Mostly cloudy,3.1,5.3,76,0.0,1.0,117.0
454,2021-03-16 15:26:53.080101013,48.4928206128863,9.200978701214199,375.81835853029037,7.790180782206225,,,,,,,,,,2021-03-16 15:26:53.080101013,neutral,tertiary,30.0,2.0,2021-03-18T09:13:00+00:00,Mostly cloudy,3.1,5.3,76,0.0,1.0,117.0
455,2021-03-16 15:26:54.099533319,48.49285488947772,9.20087860098075,375.7288467939943,8.629020647033798,,,,,,,,,,2021-03-16 15:26:54.099533319,neutral,tertiary,30.0,2.0,2021-03-18T09:13:00+00:00,Mostly cloudy,3.1,5.3,76,0.0,1.0,117.0
456,2021-03-16 15:26:55.109600067,48.49289839318189,9.200762694396444,375.6785158803687,9.826538193955033,,,,,,,,,,2021-03-16 15:26:55.109600067,neutral,tertiary,30.0,2.0,2021-03-18T09:13:00+00:00,Mostly cloudy,3.1,5.3,76,0.0,1.0,117.0
457,2021-03-16 15:26:56.114038944,48.49294512211687,9.200637142540897,374.75555085390806,10.657825460828533,,,,,,,,,,2021-03-16 15:26:56.114038944,neutral,tertiary,30.0,2.0,2021-03-18T09:13:00+00:00,Mostly cloudy,3.1,5.3,76,0.0,1.0,117.0
458,2021-03-16 15:26:57.113843918,48.492994603888754,9.200504693884856,374.66039521805936,11.086585041830899,,,,,,,,,,2021-03-16 15:26:57.113843918,neutral,tertiary,30.0,2.0,2021-03-18T09:13:00+00:00,Mostly cloudy,3.1,5.3,76,0.0,1.0,117.0
459,2021-03-16 15:26:58.131267071,48.49304935532454,9.20036298353995,373.87119448091835,11.426524026518095,,,,,,,,,,2021-03-16 15:26:58.131267071,neutral,tertiary,30.0,2.0,2021-03-18T09:13:00+00:00,Mostly cloudy,3.1,5.3,76,0.0,1.0,117.0
460,2021-03-16 15:27:00.000171185,48.49320354719266,9.199970332812162,372.7201522309333,10.372798132278485,,,,,,,,,,2021-03-16 15:27:00.000171185,neutral,tertiary,30.0,2.0,2021-03-18T09:13:00+00:00,Mostly cloudy,3.1,5.3,76,0.0,1.0,117.0
461,2021-03-16 15:27:01.000179768,48.493247435819406,9.199866676352013,372.280619814992,9.101549865089527,,,,,,,,,,2021-03-16 15:27:01.000179768,neutral,tertiary,30.0,2.0,2021-03-18T09:13:00+00:00,Mostly cloudy,3.1,5.3,76,0.0,1.0,117.0
462,2021-03-16 15:27:02.000189304,48.49327023259935,9.199767393821134,371.72966812178487,7.7501901801142274,,,,,,,,,,2021-03-16 15:27:02.000189304,neutral,tertiary,30.0,2.0,2021-03-18T09:13:00+00:00,Mostly cloudy,3.1,5.3,76,0.0,1.0,117.0
463,2021-03-16 15:27:03.000198126,48.49328794093278,9.199692302957773,371.0495635159314,5.866054079986074,,,,,,,,,,2021-03-16 15:27:03.000198126,neutral,tertiary,30.0,2.0,2021-03-18T09:13:00+00:00,Mostly cloudy,3.1,5.3,76,0.0,1.0,117.0
464,2021-03-16 15:27:04.000208139,48.4932958254581,9.199639066232407,370.751560957171,3.9857063724963377,,,,,,,,,,2021-03-16 15:27:04.000208139,neutral,residential,30.0,,2021-03-18T09:13:00+00:00,Mostly cloudy,3.1,5.3,76,0.0,1.0,117.0
465,2021-03-16 15:27:05.000215530,48.49330146207912,9.199611975789749,370.3047437528148,2.295514705101556,,,,,,,,,,2021-03-16 15:27:05.000215530,neutral,residential,30.0,,2021-03-18T09:13:00+00:00,Mostly cloudy,3.1,5.3,76,0.0,1.0,117.0
466,2021-03-16 15:27:06.000224113,48.49330152884766,9.199600729458828,370.2292426070198,0.0,,,,,,,,,,2021-03-16 15:27:06.000224113,angry,residential,30.0,,2021-03-18T09:13:00+00:00,Mostly cloudy,3.1,5.3,76,0.0,1.0,117.0
467,2021-03-16 15:27:07.000234604,48.49330195915896,9.199582877019576,369.9919869350268,0.0,,,,,,,,,,2021-03-16 15:27:07.000234604,angry,residential,30.0,,2021-03-18T09:13:00+00:00,Mostly cloudy,3.1,5.3,76,0.0,1.0,117.0
468,2021-03-16 15:27:08.000242233,48.493298616043006,9.199567053463756,369.870718004182,0.0,,,,,,,,,,2021-03-16 15:27:08.000242233,angry,residential,30.0,,2021-03-18T09:13:00+00:00,Mostly cloudy,3.1,5.3,76,0.0,1.0,117.0
469,2021-03-16 15:27:09.000251054,48.49329836874851,9.199554380967042,369.7387964557856,0.0,,,,,,,,,,2021-03-16 15:27:09.000251054,angry,residential,30.0,,2021-03-18T09:13:00+00:00,Mostly cloudy,3.1,5.3,76,0.0,1.0,117.0
470,2021-03-16 15:27:10.000259161,48.4933021027875,9.199538937308716,369.69663778413087,0.0,,,,,,,,,,2021-03-16 15:27:10.000259161,angry,residential,30.0,,2021-03-18T09:13:00+00:00,Mostly cloudy,3.1,5.3,76,0.0,1.0,117.0
471,2021-03-16 15:27:11.000268936,48.49330397158613,9.199495727558023,369.67278132680804,2.5223833304712984,,,,,,,,,,2021-03-16 15:27:11.000268936,angry,residential,30.0,,2021-03-18T09:13:00+00:00,Mostly cloudy,3.1,5.3,76,0.0,1.0,117.0
472,2021-03-16 15:27:12.000277042,48.49329682339019,9.19944333190689,369.4934224393219,3.45096340984281,,,,,,,,,,2021-03-16 15:27:12.000277042,angry,residential,30.0,,2021-03-18T09:13:00+00:00,Mostly cloudy,3.1,5.3,76,0.0,1.0,117.0
473,2021-03-16 15:27:13.000285387,48.493276848815135,9.199405457889812,369.5754516264423,3.910618569462868,,,,,,,,,,2021-03-16 15:27:13.000285387,angry,residential,30.0,,2021-03-18T09:13:00+00:00,Mostly cloudy,3.1,5.3,76,0.0,1.0,117.0
474,2021-03-16 15:27:14.000294209,48.493244415492036,9.19938374267824,369.46962191630166,4.48704377623133,,,,,,,,,,2021-03-16 15:27:14.000294209,angry,residential,30.0,,2021-03-18T09:13:00+00:00,Mostly cloudy,3.1,5.3,76,0.0,1.0,117.0
475,2021-03-16 15:27:15.000302792,48.49320291347443,9.199354773225856,369.6100628292188,4.675939099278252,,,,,,,,,,2021-03-16 15:27:15.000302792,angry,residential,30.0,,2021-03-18T09:13:00+00:00,Mostly cloudy,3.1,5.3,76,0.0,1.0,117.0
476,2021-03-16 15:27:16.000313759,48.4931674999375,9.199323814212477,369.6216577338055,4.523435399966168,,,,,,,,,,2021-03-16 15:27:16.000313759,angry,residential,30.0,,2021-03-18T09:13:00+00:00,Mostly cloudy,3.1,5.3,76,0.0,1.0,117.0
477,2021-03-16 15:27:19.000341415,48.49306558312336,9.199237621614074,369.8157108705491,3.9122631446786182,,,,,,,,,,2021-03-16 15:27:19.000341415,angry,tertiary,30.0,2.0,2021-03-18T09:13:00+00:00,Mostly cloudy,3.1,5.3,76,0.0,1.0,117.0
478,2021-03-16 15:27:19.407999992,48.49306558312336,9.199237621614074,369.8157108705491,3.9122631446786182,,,,,,,,,,2021-03-16 15:27:19.407999992,angry,tertiary,30.0,2.0,2021-03-18T09:13:00+00:00,Mostly cloudy,3.1,5.3,76,0.0,1.0,117.0
479,2021-03-16 15:27:35.000396490,48.49301945848788,9.19911222184277,369.837432208471,0.0,,,,,,,,,,2021-03-16 15:27:35.000396490,angry,tertiary,30.0,2.0,2021-03-18T09:13:00+00:00,Mostly cloudy,3.1,5.3,76,0.0,1.0,117.0
